n_hours,n_days,RMSE,MAE,MAPE%,SMAPE%,WMAPE%,Bias_y_minus_pred,CRPS,Pinball_mean,Coverage80,Width80,IntervalScore80,Coverage95,Width95,IntervalScore95,model_id,target,regime
1296,54,147.30022079736793,113.3539856649299,5.242469185412119,5.229571033420575,5.160912073244458,5.3350585888572555,85.00990996851777,44.50981439494104,0.7955246913580247,377.14246178802654,540.0525209633481,0.9467592592592593,600.8654904457659,772.232968383072,LagDrop_LGBM,P_Power,before_2022-02-24
120,5,319.542239603724,270.88919641475826,16.511568505975998,14.80558153896391,15.28625177978558,-263.0692421364865,251.58020692739046,130.5065495155365,0.2833333333333333,377.14246178802665,1972.4570039057794,0.44166666666666665,600.8654904457658,4336.020597952592,LagDrop_LGBM,P_Power,from_2022-02-24
1296,54,159.69264923381,124.17243273038707,5.773167060644472,5.915712476478217,5.653466911491738,60.30300440659686,85.07055239579923,44.51913958428076,0.8117283950617284,385.4170658913387,537.3265322437321,0.9498456790123457,591.7992862511678,798.888683977296,SFS_LGBM,P_Power,before_2022-02-24
120,5,328.1015661728631,277.61627135611064,16.70756561808461,14.993229209567563,15.665859983641571,-259.44138719366066,281.7944975380958,145.84285585081963,0.275,385.4170658913388,2224.0744859406323,0.43333333333333335,591.7992862511677,5328.927192220059,SFS_LGBM,P_Power,from_2022-02-24
1296,54,157.01315687755417,120.70465048653115,5.627016959469877,5.75594425729366,5.495581688976481,54.00810221195166,85.06944811342031,44.52974036954943,0.8155864197530864,393.7440881558706,533.825894715685,0.9529320987654321,607.9543049133181,788.7105755446934,SFS_LGBM_1,P_Power,before_2022-02-24
120,5,295.3626495719573,245.74770778226238,15.031779766016296,13.583437442560314,13.86751994979219,-223.20280124729157,241.42354402826768,125.08590721859422,0.3333333333333333,393.7440881558706,1816.3107699339655,0.5166666666666667,607.9543049133179,4281.081954709388,SFS_LGBM_1,P_Power,from_2022-02-24
1296,54,156.8996682376067,123.88525479344331,5.781682231096519,5.9104112464378415,5.640391940433168,57.1391756238555,83.59723228064789,43.741772656841526,0.7939814814814815,377.75291598874054,527.3000899371445,0.9544753086419753,575.7131430166613,767.3384076625707,SFS_LGBM_2,P_Power,before_2022-02-24
120,5,317.3389901357885,268.61927347823604,16.204580545748833,14.585136567558479,15.158160242774773,-253.88153488369048,270.98099496046774,140.23903803843513,0.26666666666666666,377.75291598874065,2143.9129073346153,0.4083333333333333,575.7131430166613,5256.176638732752,SFS_LGBM_2,P_Power,from_2022-02-24
1296,54,158.52202848082,124.8911246876247,5.8151881582046325,5.95690781942621,5.6861883546531224,61.08668067291699,83.75798972969591,43.81974408410503,0.8063271604938271,381.39272326682504,526.423147220507,0.9521604938271605,577.0736699574248,769.6003422744523,SFS_shared_LGBM,P_Power,before_2022-02-24
120,5,314.8833935691554,267.1749355131815,16.065616276857345,14.483333160001214,15.076656387762695,-247.2943651923936,269.4759066110469,139.31127521622142,0.2833333333333333,381.392723266825,2090.3202444964395,0.4166666666666667,577.0736699574248,5253.973832604575,SFS_shared_LGBM,P_Power,from_2022-02-24
1296,54,243.4713049443707,193.48409229943996,9.027814381717993,8.699676309113592,8.809168747542888,-70.31137262434706,145.93780931760347,76.32451351146585,0.6273148148148148,442.5570499113175,980.4896289103638,0.8101851851851852,689.2462877802654,1555.8117900360728,mi_top_k_nolags_LGBM,P_Power,before_2022-02-24
120,5,346.4298967415777,298.53224124769133,18.067287586722717,16.109540161747915,16.846146190004642,-283.2427483044677,246.55025086525106,128.3758606677616,0.30833333333333335,442.5570499113174,1867.8505724653648,0.5,689.2462877802653,3499.8454637219206,mi_top_k_nolags_LGBM,P_Power,from_2022-02-24
1296,54,129.6227324505588,93.98816645399855,4.285520104389351,4.201698277162696,4.279202536630549,-19.857710293318856,69.29835808282387,36.221108463570616,0.845679012345679,344.5562541364166,446.4425749905083,0.9529320987654321,520.7069636567271,654.5318367495197,mutual_lags_LGBM_0,P_Power,before_2022-02-24
120,5,192.03265748353056,146.3509924627293,8.323797406571671,7.876188722198307,8.258572688079706,-79.89258383910484,113.82170679849517,59.59518189427392,0.6333333333333333,344.55625413641644,732.2257750032819,0.8333333333333334,520.7069636567271,1158.2692230616324,mutual_lags_LGBM_0,P_Power,from_2022-02-24
1296,54,124.07230953026038,91.2753454801836,4.198105637765425,4.143296720337214,4.155690068725824,-8.158217331076735,66.85305621527242,34.9773878573798,0.8425925925925926,336.6713704901218,434.43554182654907,0.9660493827160493,511.8264342855597,611.778343751313,mutual_lags_LGBM_1,P_Power,before_2022-02-24
120,5,163.90357282385588,121.7085677194511,6.996575431057223,6.656218306406416,6.868002986239629,-69.30490624847042,95.63712756343253,50.06974272009014,0.65,336.6713704901219,664.9560633669877,0.8333333333333334,511.8264342855598,904.3221128895915,mutual_lags_LGBM_1,P_Power,from_2022-02-24
1296,54,140.50910482941126,101.14993540436132,4.666775859745312,4.59203251905649,4.605271881478912,-5.68144166843465,76.15243931819656,39.8392608577308,0.8024691358024691,340.3172981666193,504.87249589113947,0.9382716049382716,537.8309721635119,759.7411036143177,mutual_lags_LGBM_2,P_Power,before_2022-02-24
120,5,192.91048304378802,152.13350185233693,8.764432660050042,8.296171279762872,8.58487914702456,-84.75188923162736,116.56871531341184,61.02502982727243,0.6083333333333333,340.31729816661937,794.1310648968972,0.8,537.8309721635117,1249.7026424358496,mutual_lags_LGBM_2,P_Power,from_2022-02-24
1296,54,129.3408190255236,94.32096609445955,4.316007932006252,4.255088709579788,4.2943546256581335,-7.6981081591555975,69.21517918739741,36.20367857725866,0.845679012345679,350.617869158557,448.3571163897401,0.9614197530864198,543.0753950400299,661.2794947277538,own_lags_LGBM_0,P_Power,before_2022-02-24
120,5,200.31563804996588,151.2156542775344,8.72684365619817,8.211307982717349,8.533085095029902,-93.50581030825528,118.22347826595939,61.883078459418016,0.6083333333333333,350.61786915855714,810.0953953937067,0.7916666666666666,543.0753950400299,1379.251095898542,own_lags_LGBM_0,P_Power,from_2022-02-24
1296,54,131.43567015145965,96.38291182924692,4.415838518386415,4.367318712641993,4.388233288808938,-3.1986388690667367,70.8247571225573,37.03306903188873,0.8479938271604939,353.5425914091174,464.71852066697693,0.9583333333333334,531.2925461923999,667.1289459024877,own_lags_LGBM_1,P_Power,before_2022-02-24
120,5,182.83411340937147,140.64985149185912,8.151893422172654,7.725985028678206,7.936857841322443,-75.14431202876486,105.39185070712166,55.07874816418728,0.6583333333333333,353.54259140911745,715.3138218176969,0.8583333333333333,531.2925461923998,1195.3776332423213,own_lags_LGBM_1,P_Power,from_2022-02-24
1296,54,132.47379483973972,97.29061067980302,4.479003683692544,4.407612751331953,4.4295600575963405,-11.766117525567802,71.81300214633438,37.53021622047134,0.8333333333333334,344.4711392448099,468.36441077527166,0.9537037037037037,555.2592753349863,714.4875058671922,own_lags_LGBM_2,P_Power,before_2022-02-24
120,5,180.9738844737277,136.4256338488398,7.933452356603035,7.497165923645201,7.6984856385235565,-88.93722658567509,106.91648451651447,55.835326181071764,0.6583333333333333,344.4711392448098,717.318038675416,0.8416666666666667,555.2592753349862,1214.0048757120264,own_lags_LGBM_2,P_Power,from_2022-02-24
1296,54,264.99758085159675,208.90945251174537,9.695090679824187,9.461859803810112,9.51147248469733,-40.369984567901234,163.5707318175518,85.61584878727055,0.6064814814814815,481.1041666666667,1099.2510640843716,0.8140432098765432,786.5749999999999,1652.1028445605548,seasonal_naive_lag168,P_Power,before_2022-02-24
120,5,414.46449556425614,353.37916666666666,21.4443783687425,18.689949177400315,19.941153013451007,-346.5491666666667,327.7165207545684,170.29408442982455,0.25,481.10416666666663,2558.295833333333,0.4,786.575,5110.141666666663,seasonal_naive_lag168,P_Power,from_2022-02-24
1296,54,185.79679638267095,133.62285945824632,6.142702677180475,6.026732408652486,6.083736929003884,-7.899768518518518,96.83976568197905,50.579247519249705,0.8665123456790124,497.65000000000003,653.5490745038425,0.966820987654321,826.4375,1047.9046646967442,seasonal_naive_lag24,P_Power,before_2022-02-24
120,5,214.34596917133754,159.48,8.888148359540082,8.421168377866687,8.99944134393463,-60.00000000000001,119.04407785916823,62.425569627192985,0.6833333333333333,497.65,821.525,0.8916666666666667,826.4374999999998,1037.3374999999994,seasonal_naive_lag24,P_Power,from_2022-02-24
1296,54,131.7621976738489,101.62983619970743,16.230647895645912,14.999439085429126,14.981151010797852,-36.70857226384695,73.46522414722978,38.507954129482044,0.7554012345679012,301.7469245622142,458.24162515346376,0.9382716049382716,515.5801369480122,655.6582106678737,LagDrop_LGBM,Q_Power,before_2022-02-24
120,5,154.94800336939556,117.55051226940124,15.77369395021634,15.809363485299588,16.13624286887575,33.748131750855535,88.88432670897525,46.6339487663143,0.6583333333333333,301.7469245622142,569.9762013828384,0.9,515.5801369480122,753.4908950352105,LagDrop_LGBM,Q_Power,from_2022-02-24
1296,54,151.4139761445315,117.7953718529225,19.674515470738214,17.349832629516722,17.364096215150635,-67.94557442487144,96.26156293607579,50.377119810648516,0.6304012345679012,322.2200141570429,634.9748286927953,0.8510802469135802,502.42237773894857,924.5654955135802,SFS_LGBM,Q_Power,before_2022-02-24
120,5,146.12620038896597,108.69576974854775,15.053279126875804,14.422960002075788,14.920746031819043,5.241358057058661,85.58739484585581,44.83165240855538,0.75,322.22001415704295,537.544562003733,0.925,502.4223777389486,768.2925477126263,SFS_LGBM,Q_Power,from_2022-02-24
1296,54,152.92319490477848,119.08279311496189,19.888082735756786,17.50117859918497,17.55387367679314,-69.50392475990154,96.03176689447227,50.332673988697486,0.6381172839506173,321.783439804828,632.2161192035912,0.845679012345679,498.82833761221667,940.3610287042118,SFS_LGBM_1,Q_Power,before_2022-02-24
120,5,147.36190811818585,108.91191343661161,15.082025639542076,14.44310269266826,14.950416230424215,6.459035868382616,85.15048895276705,44.62023255714427,0.7416666666666667,321.78343980482794,539.3433167317926,0.925,498.8283376122166,785.1219922139715,SFS_LGBM_1,Q_Power,from_2022-02-24
1296,54,154.30683442061218,119.12736617336499,19.82418484347368,17.3802056160238,17.56044414609546,-71.23234280536985,96.43257167022311,50.499125944370576,0.6026234567901234,308.90389769619145,676.3342467834088,0.8333333333333334,495.66314308494844,998.0209422469374,SFS_LGBM_2,Q_Power,before_2022-02-24
120,5,146.72377972503418,108.62400883848252,15.124496910998564,14.424282088931637,14.910895360384705,2.82042285405082,85.37175473033122,44.71428371399338,0.725,308.9038976961914,563.5467433702609,0.9333333333333333,495.66314308494844,815.6281162738555,SFS_LGBM_2,Q_Power,from_2022-02-24
1296,54,151.4139761445315,117.7953718529225,19.674515470738214,17.349832629516722,17.364096215150635,-67.94557442487144,96.26156293607579,50.377119810648516,0.6304012345679012,322.2200141570429,634.9748286927953,0.8510802469135802,502.42237773894857,924.5654955135802,SFS_shared_LGBM,Q_Power,before_2022-02-24
120,5,146.12620038896597,108.69576974854775,15.053279126875804,14.422960002075788,14.920746031819043,5.241358057058661,85.58739484585581,44.83165240855538,0.75,322.22001415704295,537.544562003733,0.925,502.4223777389486,768.2925477126263,SFS_shared_LGBM,Q_Power,from_2022-02-24
1296,54,182.15239024529598,136.67222835737027,21.5365764352241,19.436188201709925,20.1467144744833,-38.22209653236615,98.13477705604129,51.443296414617485,0.7739197530864198,458.5200524804218,612.3715920664663,0.970679012345679,766.8702665176893,825.6622231784733,mi_top_k_nolags_LGBM,Q_Power,before_2022-02-24
120,5,188.03449981666833,149.839420201145,20.267585196734643,20.214812641001245,20.56856434752072,38.43977651258083,105.21906974608555,55.2924408801081,0.8,458.52005248042184,565.7497501829355,0.9916666666666667,766.8702665176894,779.7644897004976,mi_top_k_nolags_LGBM,Q_Power,from_2022-02-24
1296,54,122.29653353128185,90.16249140407915,13.939769940676655,13.069372031176691,13.29076135260131,-19.16513356121564,64.26229557069951,33.628483056677105,0.8148148148148148,291.1367036077792,413.76239756292705,0.9475308641975309,480.35070921202316,617.6535496563762,mutual_lags_LGBM_0,Q_Power,before_2022-02-24
120,5,151.731586820262,114.29875541028294,16.3655538270144,15.359904177983985,15.689871879789694,-3.4567778561737685,85.6812761547251,44.874269552487,0.6666666666666666,291.1367036077792,573.2984268847974,0.8333333333333334,480.3507092120232,838.661768586197,mutual_lags_LGBM_0,Q_Power,from_2022-02-24
1296,54,123.47212716891293,90.19559238288863,13.830891199184764,12.992513152377969,13.295640734293665,-19.329748079024434,64.78803310470526,33.93303553627477,0.8040123456790124,278.30511690801586,414.5199782163933,0.9560185185185185,483.199720604292,612.7526398821157,mutual_lags_LGBM_1,Q_Power,before_2022-02-24
120,5,145.88892492137384,99.0444724769377,14.007999959129416,12.792430926603643,13.595905554582295,-10.150246266093518,77.29117842682655,40.42760528765646,0.7083333333333334,278.3051169080159,521.9086923993359,0.925,483.1997206042921,806.1895766963042,mutual_lags_LGBM_1,Q_Power,from_2022-02-24
1296,54,126.15098229340917,87.5804199534372,13.4817498459359,12.500798858918511,12.910140820588209,-17.138671039696057,64.10727237645429,33.57105990167031,0.816358024691358,286.7205816293979,423.99793456699075,0.9729938271604939,525.6292378590006,605.5317688313008,mutual_lags_LGBM_2,Q_Power,before_2022-02-24
120,5,158.46253367209079,113.38163562077759,15.966652191635209,14.538581040920223,15.56397819053554,-29.671029594593563,84.91579856027053,44.57470682646655,0.6333333333333333,286.7205816293979,546.3214483159131,0.9416666666666667,525.6292378590006,706.3350376098537,mutual_lags_LGBM_2,Q_Power,from_2022-02-24
1296,54,117.46862580448135,85.77319500176169,13.140312516937566,12.462225674192489,12.643739624601524,-15.26500490317762,61.46174746705419,32.16909534793704,0.8364197530864198,283.029209398995,396.78107883361275,0.9637345679012346,489.07235943395096,584.098271953821,own_lags_LGBM_0,Q_Power,before_2022-02-24
120,5,150.62392232878096,106.27207034636413,15.019231285306747,14.0315987042399,14.588043081914806,0.7654970528411355,80.54387603580355,42.27269494843638,0.6666666666666666,283.0292093989951,537.3212267413256,0.925,489.07235943395085,715.7910049279055,own_lags_LGBM_0,Q_Power,from_2022-02-24
1296,54,118.09232353476393,85.46006533752443,12.983849812743104,12.227434398507171,12.597581498589388,-20.39806278348679,62.10682087531412,32.530066865641245,0.8148148148148148,276.562629042741,411.36154139651455,0.9652777777777778,502.3171158884517,574.5082794121745,own_lags_LGBM_1,Q_Power,before_2022-02-24
120,5,148.1947782112551,99.87674949421323,13.736264000962029,12.634548984409705,13.710152815829128,-6.512952410811225,79.03049488477245,41.40791768248226,0.6666666666666666,276.562629042741,564.1651994344035,0.9333333333333333,502.3171158884517,746.7952139647481,own_lags_LGBM_1,Q_Power,from_2022-02-24
1296,54,122.19817958967091,86.06172439502154,13.194156574938182,12.410743558374241,12.686271449635521,-13.005885323063037,63.06765317609343,33.020809857630695,0.8294753086419753,287.39465937410216,420.36785206865386,0.966820987654321,505.5043222885291,605.6368359851855,own_lags_LGBM_2,Q_Power,before_2022-02-24
120,5,150.61480071345252,105.96937766673999,14.80304898836745,13.703623184760374,14.546492241354859,-16.807395873588458,80.7460489521608,42.324101962332904,0.7083333333333334,287.39465937410216,554.6761301955024,0.9166666666666666,505.5043222885291,702.4999533839523,own_lags_LGBM_2,Q_Power,from_2022-02-24
1296,54,149.89838525220907,101.37566361664165,15.120746501918328,14.855663993981336,14.943683688286079,8.429783950617281,77.40191274981079,40.42924974995577,0.8641975308641975,400.16977086668277,559.738501200483,0.9513888888888888,636.2843416452373,821.6354465993825,seasonal_naive_lag168,Q_Power,before_2022-02-24
120,5,214.41725463062278,155.28916666666666,21.59823906747218,19.865670064204426,21.31665494145976,-21.964166666666664,115.70581891337098,60.483627731014096,0.725,400.16977086668277,760.1802291333173,0.9166666666666666,636.2843416452373,1246.5843416452367,seasonal_naive_lag168,Q_Power,from_2022-02-24
1296,54,172.03741031185194,114.71401238207375,16.911222869641975,16.10243025449061,16.909876142802723,2.108564814814816,86.36500783253331,45.11012021381671,0.9282407407407407,544.511190229402,605.3855091347511,0.9876543209876543,862.5222584733216,890.9574436585068,seasonal_naive_lag24,Q_Power,before_2022-02-24
120,5,194.74622910341552,123.77749999999999,16.140706638568254,14.512291770017017,16.991025927006298,-30.1275,95.23541857359693,49.83946227310688,0.9083333333333333,544.5111902294021,658.036190229402,0.9833333333333333,862.5222584733216,916.6222584733216,seasonal_naive_lag24,Q_Power,from_2022-02-24
