configuration,origin,MSE_P,MSE_Q,MAE_P,MAE_Q,analysis_period,paired_normalized_squared_loss,CRPS_P,CRPS_Q,paired_normalized_CRPS
S24-T10,2022-01-01,88265.61233347376,6391.180902443829,254.79524125997457,69.68906208266165,primary_54,1.2576237481470147,196.0501665281387,47.783786875884346,0.6145015729473858
S24-T10,2022-01-02,9252.715134890734,2407.825747715057,81.58192736144947,39.166379784157286,primary_54,0.1482889882066069,52.56925643157916,35.428213928661485,0.21398068273506876
S24-T10,2022-01-03,55684.70178779308,37091.38663455583,214.46233727544268,154.62716307171937,primary_54,1.1064250155138362,156.8915261437451,112.69633060454838,0.6537671832627296
S24-T10,2022-01-04,10482.255933762492,19072.613704890526,77.71316309493189,114.74385482739414,primary_54,0.32275394784022693,55.83099122892403,75.88770841508857,0.31050727614909934
S24-T10,2022-01-05,8133.485830568266,15179.062769388422,70.19496238655252,104.27694157554045,primary_54,0.2540327908190858,53.33883138342219,70.22550462390569,0.29169750633879626
S24-T10,2022-01-06,20876.993851966003,23755.144537518252,110.79838461887555,122.85093062715409,primary_54,0.5080695741444372,83.31867439134821,94.66823307914169,0.42295081923462874
S24-T10,2022-01-07,49143.478918902976,59245.58261587811,171.91593327712096,186.0513522802619,primary_54,1.2274743990097066,124.215053439398,140.81961225619364,0.6298659881060829
S24-T10,2022-01-08,7109.249450089962,2941.2097344456665,70.21714171435057,44.26267924151323,primary_54,0.12426836872213659,51.93656752139979,34.116658166628625,0.20947938876404504
S24-T10,2022-01-09,46199.420174670115,39295.04401143919,173.92066780750085,138.07591493355025,primary_54,0.9986452860394637,122.63310915184664,107.44855449828854,0.5531369127391019
S24-T10,2022-01-10,5407.594734180436,8988.669670609044,54.45780957665165,80.50033645262329,primary_54,0.15844943368181313,41.352267289908326,49.99387461740241,0.2164629371342396
S24-T10,2022-01-11,9385.199185758414,5689.112877519484,81.71522135592,64.74710736027698,primary_54,0.18115441902495716,55.74761977984494,45.39875576439849,0.24395157421364805
S24-T10,2022-01-12,2934.8320593190942,13955.545443977697,42.228082750782875,98.66802601330062,primary_54,0.17194086091583957,40.44677607674637,74.985127418558,0.268481523459147
S24-T10,2022-01-13,35800.392490156686,6130.616683583851,159.40410310560685,71.26008322922551,primary_54,0.5435929149987054,107.45835314199248,52.38289079289978,0.39380727509789737
S24-T10,2022-01-14,21580.35794036676,41030.34623826014,120.43935775407294,138.32589482779255,primary_54,0.6811778742734594,93.56919238049996,116.00876159797618,0.4960773345116732
S24-T10,2022-01-15,58923.1017731198,6787.682235994027,205.44884405418134,67.94575717898226,primary_54,0.8634178647210308,145.88769557159847,46.74335375829812,0.4816101374689308
S24-T10,2022-01-16,10390.288096146674,1835.5778785291916,76.33127157435716,31.477237892375438,primary_54,0.15829912834779364,58.97797166959432,30.77310983665373,0.22054087278607137
S24-T10,2022-01-17,23388.52206737608,4841.080437500021,131.22472250412486,53.012937839600504,primary_54,0.36304606777851256,84.89342127535046,36.66663031711147,0.30085032364154063
S24-T10,2022-01-18,19870.60733720812,18674.861011715115,122.71361676660725,113.23175016819103,primary_54,0.4463181180723015,84.64043591722766,75.16008719020063,0.3839465143074623
S24-T10,2022-01-19,8206.787956791504,10717.994490674088,72.05731745841754,76.52002780217533,primary_54,0.21278768765902573,51.12899659996966,55.43284710746109,0.2537566762619605
S24-T10,2022-01-20,8927.141145246553,4822.871850594898,76.61177281313319,49.41111189999149,primary_54,0.1667400365050947,57.05439167468776,43.958499098950455,0.24422078203736866
S24-T10,2022-01-21,11016.373289282323,21450.40722299938,90.20751270095415,118.97512288438674,primary_54,0.35251190500553387,59.38680418586029,82.74210265968979,0.3346808919982067
S24-T10,2022-01-22,7575.584190864193,2172.9532151222384,76.10201803704298,33.91744637895427,primary_54,0.12331889504242063,55.78349374555364,33.26987315942244,0.21765467934281832
S24-T10,2022-01-23,4751.127230303022,6817.163475146928,48.50845813183333,65.53371849654847,primary_54,0.12898530798915248,38.50105343867688,45.1172695919563,0.19842748269450533
S24-T10,2022-01-24,4368.762977767287,20594.839504367515,47.10400847567948,113.10366569939855,primary_54,0.2542522886988006,40.847946827647895,78.74423757881861,0.2777053707053148
S24-T10,2022-01-25,16681.425439967537,8051.609659212142,108.67516484034074,67.6027862340983,primary_54,0.3024791780510028,82.0466076449938,52.24362798137427,0.32732976752200593
S24-T10,2022-01-26,11538.838952128644,10514.24854587798,90.00589164555556,89.48368693387938,primary_54,0.2560497411036142,61.984505432947095,64.37331441127844,0.3014782918443498
S24-T10,2022-01-27,11140.127377856392,20011.45801391779,93.72343324167923,104.73031687698433,primary_54,0.3405657538636976,62.160908081401146,69.98927118656518,0.314156993952175
S24-T10,2022-01-28,2785.424899131291,8959.972206517186,42.10992201723679,82.9787809515207,primary_54,0.1226143278560439,39.15898244627141,53.60205556708266,0.21860219067393893
S24-T10,2022-01-29,7210.003429310612,4167.73799977941,72.0462118715126,53.003582188948656,primary_54,0.1372481375669995,49.82675977080729,38.7744387323894,0.21411976828693557
S24-T10,2022-01-30,2749.5724464478103,6799.254988700912,41.58077371534989,73.15427494425546,primary_54,0.10166949754867068,38.108982755324575,47.83442251338701,0.20331854153519435
S24-T10,2022-01-31,14836.617839644534,25193.65602522186,97.88316478378465,115.8051363688699,primary_54,0.43976692706400183,65.70956064085321,85.51830303791645,0.35718644822464296
S24-T10,2022-02-01,7345.652976717385,8676.36824443186,78.25225275290389,83.21804502929312,primary_54,0.18177750103823986,50.87578216680554,56.34241774694599,0.25507634848348604
S24-T10,2022-02-02,16742.74514105677,16732.943952871203,108.06697148037217,107.14688198209376,primary_54,0.3855093524462081,73.78308170188338,78.59327503762859,0.36314298910369314
S24-T10,2022-02-03,6561.967746491507,8891.420728924537,61.76817291436809,76.23843435429738,primary_54,0.17318491529238095,45.18223986417853,49.91292821344715,0.22626040888476165
S24-T10,2022-02-04,4378.901274271009,6013.373890557796,50.505643176622605,68.23241514224871,primary_54,0.1163263464155036,42.09781959480899,47.29947513026803,0.2125418840500941
S24-T10,2022-02-05,5025.044909468913,7118.641431760186,48.108752891785144,67.62778589274373,primary_54,0.13555485819668647,43.8075440651695,46.89213963400696,0.21610787170119294
S24-T10,2022-02-06,2790.9941426827972,8619.692486557517,44.243917666497715,85.88759075578626,primary_54,0.11946794978496059,38.43895557972101,57.80028749572606,0.2258617890483102
S24-T10,2022-02-07,6702.90243634053,20732.406719924624,67.49917750057007,123.1348771613346,primary_54,0.2872117842744024,51.09703819124254,85.59499596643394,0.3193009812243117
S24-T10,2022-02-08,20306.01400327429,30502.178566734863,116.6836338351253,144.27795903671912,primary_54,0.5642093680711449,82.52736477251416,103.6944689298664,0.4405296776751674
S24-T10,2022-02-09,48290.31980106266,64099.82848223505,153.15229462147224,185.53000324951168,primary_54,1.261865400540265,116.08556711749036,150.71241864712366,0.6302210720655961
S24-T10,2022-02-10,8564.214467700678,18260.64860590747,75.51335702748787,108.6862972766052,primary_54,0.2890523317108468,52.5961447114482,71.99642980769538,0.2936167042333857
S24-T10,2022-02-11,5060.453937890216,5545.3409010055475,54.81202615330051,53.38463572134558,primary_54,0.12113842540620262,43.556296751937815,41.29820710644153,0.20328218816685495
S24-T10,2022-02-12,23078.041123614326,6145.138947774995,125.57653743078242,61.14369655933107,primary_54,0.3711825193311079,84.7002573980555,43.50764023425128,0.3152321409429695
S24-T10,2022-02-13,3566.9023192032105,1300.9396050662945,47.793852094921256,27.510001341429135,primary_54,0.06069423820733911,41.77329754611011,31.25471573347598,0.17678622645465958
S24-T10,2022-02-14,8146.6088027351225,16161.38684300468,68.91825540282638,93.61001021986368,primary_54,0.26351182928200517,49.679114571771926,63.849660270210826,0.2682945557438248
S24-T10,2022-02-15,6793.580782637465,5701.459664020441,65.63368329177105,59.78423031218898,primary_54,0.14612229362758877,46.22404742148402,40.39654956189671,0.2082674053836906
S24-T10,2022-02-16,10282.264959746362,12141.91350191492,85.9484624521548,97.68349535048144,primary_54,0.25441877252460793,57.02575984049376,65.65159313829459,0.2913465769162219
S24-T10,2022-02-17,8443.672259362726,31175.534198439593,70.87784117656314,127.00423932077358,primary_54,0.4097010322333755,47.38199819933734,88.69720842903409,0.3163765475896074
S24-T10,2022-02-18,24151.011610892907,48881.809333114536,131.92221846513777,175.42253715527235,primary_54,0.7903835202447599,85.93338712200443,125.30287596056556,0.49641536036789075
S24-T10,2022-02-19,15597.325293912132,27019.402041394682,93.71086579117811,131.51155720353336,primary_54,0.4673710126741666,72.86677180875554,100.30918786920635,0.4080068392679549
S24-T10,2022-02-20,1707.4024980406532,13036.047077619978,37.328583621148546,101.49685463301967,primary_54,0.14658755330908405,34.46607850673869,67.6268520924505,0.23689693100624115
S24-T10,2022-02-21,6062.901122306688,13934.303632996453,60.81873304814303,108.92323056232846,primary_54,0.21416441906809439,43.65718919352988,68.65164975433353,0.2630611984244942
S24-T10,2022-02-22,7866.893152667802,8300.585579366232,77.44258391822656,73.38292420964926,primary_54,0.18528879404817006,53.56264798486529,44.73657500102552,0.23682092015775486
S24-T10,2022-02-23,11097.160669063147,21493.1129293412,89.1989347854229,114.85009661717545,primary_54,0.35401194581873324,55.092500866857705,74.74899289750284,0.3061065355289234
S24-T10,2022-02-24,40257.70856889082,21190.536316617625,144.87954125338837,131.83665445642694,descriptive_stress_5,0.7466392649670897,119.54554027823328,92.3523388164156,0.5122498941271189
S24-T10,2022-02-25,62445.41511121483,30142.72616569522,211.0469400664649,121.647614620645,descriptive_stress_5,1.1323248884755435,164.6453841710191,94.93773693317377,0.6353193602723135
S24-T10,2022-02-26,8070.735150130906,2724.1303801383365,77.6600630656469,40.3462854106382,descriptive_stress_5,0.13525319617420464,54.46231943095236,33.46170203028493,0.21463160714287044
S24-T10,2022-02-27,4686.8456181515685,8781.649349254483,53.02201834417926,69.96637311648385,descriptive_stress_5,0.14671406128634001,43.47562882295421,53.70532220292356,0.2300678204180876
S24-T10,2022-02-28,33654.38878267684,14459.707366722168,144.5873468718694,92.47273687774714,descriptive_stress_5,0.5933509002287543,110.6260188333982,68.70869088718003,0.43757823238950744
S24-T30,2022-01-01,162933.6196017126,11522.573059702967,358.36515733966354,93.04730129075487,primary_54,2.3189006908630114,301.49428755748926,65.12039948581422,0.9268090710532185
S24-T30,2022-01-02,3305.546220385307,1556.4534936606226,44.822597170258625,28.661250945847467,primary_54,0.05956888827357128,40.53899279861877,29.61481177631391,0.17000384224724557
S24-T30,2022-01-03,52127.52214959944,16187.223722594696,209.98018373417403,107.53583341987546,primary_54,0.8602510861659984,158.7556464628411,73.72613902432569,0.5738292437307492
S24-T30,2022-01-04,10352.808702331286,10424.980321310524,82.00512522493652,84.01182337636048,primary_54,0.23911888279426435,52.67479848047236,50.7601718379628,0.24761516590894772
S24-T30,2022-01-05,9547.226455183934,12375.778160573289,85.55854341388086,92.36523643983155,primary_54,0.24666408342057242,60.812390500318834,67.90292408549357,0.3061058074297166
S24-T30,2022-01-06,13933.984588808875,19360.558383411106,88.66924394613835,109.19333201507432,primary_54,0.37229467246393355,69.57345502027756,83.21018361617296,0.36222631892262785
S24-T30,2022-01-07,44547.8752363101,99520.28726731893,159.425132115932,234.45900768469565,primary_54,1.5464839874338534,122.18576457655782,193.35662309931195,0.7388928247693454
S24-T30,2022-01-08,5682.437585455857,8655.794222128823,61.315441018525945,83.47171022661716,primary_54,0.15902520700729122,47.03576776623851,56.138194457396445,0.24463224783912838
S24-T30,2022-01-09,41833.86646501497,38259.079103513744,161.12415938033567,135.027204496552,primary_54,0.9296281668394821,107.16621448788052,99.12881688841844,0.4947574276648026
S24-T30,2022-01-10,5988.29197140133,6185.19093859625,59.14405796122725,62.39640201319795,primary_54,0.1397806712888034,44.98302348537269,41.15972269992031,0.20669619663044703
S24-T30,2022-01-11,6534.968267916716,15123.25141908489,66.89252562197935,87.0630566607651,primary_54,0.23182432438687317,45.61295233505607,71.71667505821857,0.2748231391369935
S24-T30,2022-01-12,2620.254616255393,13219.599326852245,39.958911997211544,95.11363097875217,primary_54,0.1607061323261311,40.40768618451987,70.79962213438323,0.25927280694972143
S24-T30,2022-01-13,20933.224650250162,5346.539371534719,120.66872434526898,63.87983835613618,primary_54,0.3345317995805102,70.9270099873465,46.377630908759606,0.2856099467593512
S24-T30,2022-01-14,19933.303097494845,34961.52996862526,116.0571095806959,133.4868325763349,primary_54,0.6013774598211712,87.74534875021686,109.38024890278018,0.4664890390331815
S24-T30,2022-01-15,76956.62031638168,7201.121441435109,207.85656587915892,58.806966822264336,primary_54,1.1119135051251423,160.50245106492164,48.489118038374926,0.5234667656628345
S24-T30,2022-01-16,5942.78272705576,591.5563333706165,65.05576272463661,19.543963817905205,primary_54,0.08620056560346784,48.46978160669712,26.52706512478441,0.18393794423664797
S24-T30,2022-01-17,13404.509716954424,6474.85732519252,90.83429164176555,59.92653968983107,primary_54,0.24310639521648358,56.033005075214696,41.300938135781465,0.23577861350636448
S24-T30,2022-01-18,13975.32246310876,8729.932422784233,104.9990530799336,82.78924861820288,primary_54,0.2722000869519637,75.10555519983991,53.404962948212585,0.3117814962385454
S24-T30,2022-01-19,8494.647662249705,10850.12684131165,80.29550306490582,82.46242545328455,primary_54,0.2179428923445873,53.320923811641336,57.88392607446156,0.26479777051148556
S24-T30,2022-01-20,11075.377505866278,11897.695778369443,87.1949016544542,88.00211249056655,primary_54,0.26286306825040495,67.09887984540914,66.66539985871538,0.31978376245413503
S24-T30,2022-01-21,4266.905827114407,18813.093057697417,54.116921015576985,117.40167990593524,primary_54,0.23600051895393842,45.93864161526972,82.40968336689525,0.29893736781688385
S24-T30,2022-01-22,8163.074418232948,2613.9927111300244,75.26122037234596,41.40760586397163,primary_54,0.13546272508378873,57.48733109055746,36.30067924181472,0.22868612736755334
S24-T30,2022-01-23,4868.150287470466,4724.909271318437,53.133297192925035,59.46320946802435,primary_54,0.11076210048385401,36.82758117885724,43.64127756880293,0.190858109868197
S24-T30,2022-01-24,8742.24983936335,17302.835322858107,79.6591944001806,112.78965096572756,primary_54,0.28239797189890326,49.63536995276117,77.77907074467224,0.2984885864799026
S24-T30,2022-01-25,12880.105826185087,8400.853330386572,94.63517452692385,65.76136048220752,primary_54,0.25423026539563337,72.96914954843612,52.72146154782221,0.3047309228832587
S24-T30,2022-01-26,15207.262339623341,7463.860684550786,113.91884514235089,75.94338642836242,primary_54,0.2769206699142702,76.78419583396797,55.30057212037687,0.3202773410477803
S24-T30,2022-01-27,16373.821256923853,18958.392044955403,107.70531257992691,98.88617914010734,primary_54,0.4015772707280093,75.66776536092895,71.18078128443678,0.35192259489040667
S24-T30,2022-01-28,3863.123755015577,12989.284444120945,44.672601454181546,106.45689081549774,primary_54,0.17538192541868566,41.483085602955455,71.36260039733317,0.26329818645116615
S24-T30,2022-01-29,18689.31997470436,11735.826121075055,112.30399079718354,89.87767880397621,primary_54,0.3645951164017044,77.87083332586893,61.234100633512405,0.3360173576751988
S24-T30,2022-01-30,3216.412624918441,4463.458841886749,41.9631421106401,57.589346778363925,primary_54,0.08588475501629658,42.44410546592086,44.82677566003726,0.2080634850821913
S24-T30,2022-01-31,8805.567985784217,23540.235887894607,68.6311034477943,120.42032906906944,primary_54,0.3423150588553019,54.59674551854365,86.17307738679007,0.3296723407984158
S24-T30,2022-02-01,5929.251353695637,6362.773818732906,63.536843937606314,68.17645098750204,primary_54,0.14066135756413375,49.79924547350473,47.038170599992974,0.23202854473268725
S24-T30,2022-02-02,3047.468864060668,9145.416900589957,39.75301055028175,82.7108708726558,primary_54,0.12792418818507517,35.1637511898714,55.31992115539109,0.21193601834406958
S24-T30,2022-02-03,6872.077650303297,11065.428224087229,58.07865526411459,86.59579600988923,primary_54,0.19797522194433945,44.22937795334496,57.06535720789631,0.23934149652463133
S24-T30,2022-02-04,3057.761052246907,3660.551543044808,43.59736143628444,51.2708513726242,primary_54,0.07613076679347314,39.83517112761525,38.820171056430375,0.18820026831778902
S24-T30,2022-02-05,9699.873610596454,6948.629487463527,71.00063033696973,68.70661196608245,primary_54,0.1973478483740832,55.11135988806111,48.63928168531445,0.24934550968557967
S24-T30,2022-02-06,1857.1944255903747,4749.838457441626,35.11258849309241,64.56256940982875,primary_54,0.07016181301935556,38.48010651563016,41.47040593409788,0.19043800150799817
S24-T30,2022-02-07,16395.83642387601,14103.180749249981,100.69370712756613,109.165018204158,primary_54,0.35590467241034507,79.74798914033379,74.950799383626,0.37075076454967837
S24-T30,2022-02-08,31916.92912377676,27909.44439034352,143.28819094800895,141.5925439536392,primary_54,0.6971342277988171,107.8631835777985,102.9506149378712,0.5048879584997433
S24-T30,2022-02-09,36377.433290622546,42485.174463980125,136.56441308784233,151.2744554318848,primary_54,0.8956393062543919,103.70098235819673,114.21225230493258,0.5185525489471176
S24-T30,2022-02-10,10954.555499248449,17355.755481935987,82.21352143092601,109.50690845519632,primary_54,0.31290361302488523,48.88954616813303,74.72875036135521,0.289909433203312
S24-T30,2022-02-11,6103.087494327414,16750.44491116981,64.89071435024091,99.8161551420481,primary_54,0.24137385892018737,49.23327537039401,74.41394868801723,0.2901195822665551
S24-T30,2022-02-12,19547.201288282547,4950.0761761621725,116.10107203169748,63.35881782491316,primary_54,0.3119798677687928,81.22047640871995,46.40147806243427,0.3124669566134679
S24-T30,2022-02-13,9361.647177593895,3102.2627345351098,88.06362037326944,47.11125281017869,primary_54,0.15634160886959414,53.15065721243277,38.14660234307005,0.22140943801090754
S24-T30,2022-02-14,6323.3014259138845,10478.265494998685,59.24517973058415,76.81857060210557,primary_54,0.18497289746270568,46.081758986596746,48.38093283818808,0.22526948616659465
S24-T30,2022-02-15,5631.6123625733735,8153.467610224998,66.05031445876828,74.38106926969486,primary_54,0.15357964644940797,43.201266368755256,45.386678775379664,0.21125345156854958
S24-T30,2022-02-16,5550.770331099874,10927.385119375938,58.703522631425066,92.8517267108188,primary_54,0.17874783660042065,41.836934405247,63.03694508922566,0.24610448022473258
S24-T30,2022-02-17,8972.34960727869,30965.817312756,70.0265853705267,123.88065656962112,primary_54,0.4148855730593944,47.85612456948648,88.69333165262412,0.31760278059114494
S24-T30,2022-02-18,19087.023905622093,45228.79875675204,110.56929421856921,167.45101211096014,primary_54,0.6871145465313664,70.06186045127014,113.76608950023112,0.42998244463305113
S24-T30,2022-02-19,9174.140291705402,13981.019805181646,81.45352223512691,97.77644609045494,primary_54,0.2568031751962518,59.6640353084887,70.22579191576004,0.3081695376675117
S24-T30,2022-02-20,2760.362805401808,6387.694698375007,40.13751010432688,75.63717050347812,primary_54,0.09791901687581875,38.35488141384456,48.07386207972033,0.20447986236035326
S24-T30,2022-02-21,4976.192369463051,5072.703064433777,55.87915960800444,62.29413947217813,primary_54,0.11552048756268234,42.28661727171344,40.044613277032106,0.19724822778823106
S24-T30,2022-02-22,5402.907991319459,9815.50302880139,63.300883554888856,75.10808685250662,primary_54,0.16621467504072937,42.47682900879766,46.862789841009935,0.2125787086955659
S24-T30,2022-02-23,10998.203768868989,14732.341040130057,83.01852977800804,97.24788763883619,primary_54,0.2886560058161547,59.080572638193786,62.09209288226924,0.2889526501982057
S24-T30,2022-02-24,26451.760004910157,17113.2859974532,125.62947810234209,111.44670085817093,descriptive_stress_5,0.520789874211979,98.14304933578252,70.64683922801537,0.40928851430933444
S24-T30,2022-02-25,61395.48697009081,41592.19462716419,193.75268444937592,142.19183055863797,descriptive_stress_5,1.2264935334550011,159.27615781512176,115.47704495314,0.6660273260263356
S24-T30,2022-02-26,4398.888127834342,545.1217444729883,54.513062371083755,16.332038517611178,descriptive_stress_5,0.06482171055848503,38.53035316561088,26.829778022511693,0.1587134186785568
S24-T30,2022-02-27,13951.380577700578,16018.743272877202,84.90210023763028,96.74484951457657,descriptive_stress_5,0.34088889720567167,55.74710136756917,67.17585207391888,0.291333353155821
S24-T30,2022-02-28,26180.78179189793,19097.204853202125,130.40059319020565,111.04174344014264,descriptive_stress_5,0.5358992881168568,98.11227872157764,79.87871219494923,0.429295315655025
S24-T60,2022-01-01,114803.9357315387,23946.773545922904,306.05136011874043,129.87519183398203,primary_54,1.7837755904251784,255.47504666359544,96.06304864824097,0.8742965416575506
S24-T60,2022-01-02,4551.490007415097,1349.688323119625,56.05775227597642,28.13878861895348,primary_54,0.07450936009780786,45.601816910928726,29.564622678247787,0.1830786940023312
S24-T60,2022-01-03,29330.12442751824,16449.230924076954,149.65920136218938,107.2851268858742,primary_54,0.5535403673057488,111.31098865516748,73.00700425613658,0.4487143295104639
S24-T60,2022-01-04,13091.847860088574,9084.441727756359,88.98166601005607,78.11757663416249,primary_54,0.2635745357076396,55.60478202942674,48.48236127313709,0.25028899461342013
S24-T60,2022-01-05,6909.775625131692,9453.221948584966,65.2275002555977,76.88207873169826,primary_54,0.183221457230968,53.0377585064546,59.96927425153799,0.2685977329307493
S24-T60,2022-01-06,15251.951293254584,18556.132407911387,97.64537177688317,104.44072880201254,primary_54,0.3825530571675716,74.455614986775,83.20029628470888,0.3749183943637616
S24-T60,2022-01-07,79000.19038727478,101363.49761385786,211.38726008134208,240.7840331771022,primary_54,2.0311985318767736,173.72531563913716,198.9071313397956,0.8851834317970202
S24-T60,2022-01-08,7508.797633969813,5449.467701445753,75.4713520302481,64.95416070909265,primary_54,0.15343651305817826,48.87092260866313,43.31375680639889,0.22150743863035244
S24-T60,2022-01-09,30393.76893387131,34797.61652478527,141.00343648575125,130.895765785344,primary_54,0.7416963552822295,88.08446034762143,94.535183287818,0.43507186633331485
S24-T60,2022-01-10,7382.992281400773,8156.564714808053,66.79031427023979,77.97159491359896,primary_54,0.17736220007092293,45.57945715410889,47.37492021572871,0.22177254010122835
S24-T60,2022-01-11,9798.988244545055,8598.96684398917,85.99105887018919,69.96713351803236,primary_54,0.214318186033702,51.72693328956437,56.166337762526325,0.25690970435336163
S24-T60,2022-01-12,2779.7987214505915,9589.435329606846,40.10258929633998,82.23856756929926,primary_54,0.12849804373255297,39.44685111167208,63.76031258168317,0.24145440633048562
S24-T60,2022-01-13,18774.72236431503,4167.4206741061635,113.23563509769396,53.623263662573244,primary_54,0.2940925499744408,66.69767803292945,41.25270671170207,0.26344544863866926
S24-T60,2022-01-14,21375.28136981467,23646.34474196516,123.94084349704993,115.28690840256006,primary_54,0.5137974759078747,95.94459671179015,90.24329207367354,0.4462019762874396
S24-T60,2022-01-15,62095.896310635166,6893.236873242534,210.9343029459925,67.32853564297308,primary_54,0.9074485777189357,150.95471041174724,44.5124312486472,0.48995101015243325
S24-T60,2022-01-16,7657.962067385605,3241.4987137805897,72.79574613096628,43.331201906083145,primary_54,0.13455358931716677,57.48348032273324,34.92272897278104,0.22567792234328302
S24-T60,2022-01-17,19705.05884554885,5658.80127137539,116.6685106717764,53.59605747226675,primary_54,0.3208313304143483,68.93029302805701,36.64326698179835,0.2592300514997221
S24-T60,2022-01-18,10815.716540896694,13172.833581334336,91.83549591554014,100.70942917931323,primary_54,0.2714149363828726,68.3050780813271,65.51304437804187,0.3204174896331265
S24-T60,2022-01-19,7337.05272158873,9025.699106607082,75.61379729575997,74.51535462725535,primary_54,0.18496847079251338,51.95553665091678,51.77842554376914,0.24795768355288583
S24-T60,2022-01-20,9710.209733342439,7540.085281246881,79.74838819637789,67.19682903987177,primary_54,0.2030881848500375,63.20497350650161,53.63813243199633,0.281298635035626
S24-T60,2022-01-21,3241.2094426210424,12740.961272416433,43.744975813402384,94.39211046774773,primary_54,0.16459593513642862,39.70072620182575,65.81783717501952,0.24659233155599936
S24-T60,2022-01-22,7158.802801607805,2187.942763935641,70.33632834433404,35.198361827971006,primary_54,0.11780819177052665,53.86861573100315,33.18375383493787,0.212480782361136
S24-T60,2022-01-23,3179.478881086485,5162.318706644254,43.45172159980248,61.061403027240935,primary_54,0.09200093705739973,35.37345143851636,44.40645877013185,0.18873632341333502
S24-T60,2022-01-24,4058.480754892846,13661.04984939351,47.111322716791705,100.97212784503586,primary_54,0.18439202735097499,37.63496501234005,66.70342560872915,0.24313978613279308
S24-T60,2022-01-25,8584.430211875824,5229.386218111623,86.94021648112168,53.84994331734006,primary_54,0.16594104116748926,50.70650318247627,42.32980298364787,0.2241465470229687
S24-T60,2022-01-26,9320.381675123841,7107.575227389126,81.96301273570532,73.89666460320404,primary_54,0.19370592398358014,61.86413520658476,55.76728925203926,0.2824396406893287
S24-T60,2022-01-27,15297.894643284659,15204.427822150117,111.59703408533183,84.63900831247976,primary_54,0.3514408200498053,78.14135846793047,59.71248515869488,0.3334110622683029
S24-T60,2022-01-28,1850.180331557761,5499.867560039923,31.04206127334976,65.88703222864838,primary_54,0.07716827452757385,33.29825246787036,47.45314886311504,0.18996137801973606
S24-T60,2022-01-29,12560.314867469491,9163.582311091299,98.63005203285307,75.91668362000915,primary_54,0.2571149136737263,68.59636470798081,53.33124971857705,0.294670585240143
S24-T60,2022-01-30,3631.2383521511842,3099.015709853631,47.067293912796806,50.07274849139742,primary_54,0.07859174088500484,41.64838154483736,38.6508557991261,0.19255363293535901
S24-T60,2022-01-31,10441.702083673086,23252.81839443337,71.79250835789755,113.01946072047048,primary_54,0.36178386760600423,56.63022074573701,83.68325145073625,0.3295502721705461
S24-T60,2022-02-01,6762.393483722787,6341.502529216268,75.33136331779338,73.57583084517488,primary_54,0.15175950821581127,45.3018422255808,47.33454133327333,0.22096174823937018
S24-T60,2022-02-02,2955.612471877312,6020.016374996311,34.17248645722441,62.4058084092236,primary_54,0.09708577308112505,33.16307609552461,43.17596999294852,0.1803029779888844
S24-T60,2022-02-03,5699.7071688658425,8769.83505777536,52.47155384900335,74.12565923641614,primary_54,0.16033921365397175,40.97447906553057,48.73888340584845,0.21274850223643227
S24-T60,2022-02-04,3049.1723682149354,3304.453217404627,45.20006230985217,50.84567210974753,primary_54,0.07264259350187555,40.05927082529099,39.80475831024884,0.19092613289309202
S24-T60,2022-02-05,5282.086246035256,3581.650650658435,54.184852331341595,47.466653945175494,primary_54,0.10555128669248039,46.59445875253677,36.82549270679242,0.20146199894207323
S24-T60,2022-02-06,1177.00651986929,2147.9529443019833,26.81213405945354,41.287950751685145,primary_54,0.036300965266845286,34.09543050151327,31.482421114197308,0.15728780928230443
S24-T60,2022-02-07,11045.285805841879,10302.773431253325,81.90340749024374,89.18741502833528,primary_54,0.2473535521968458,67.71930046680717,62.31684001959869,0.31193769328283305
S24-T60,2022-02-08,24979.01150931253,22774.60574416671,122.71343033132143,117.15906388823471,primary_54,0.5544193603495651,95.28273959177628,88.07398132221677,0.4397584017480635
S24-T60,2022-02-09,35520.34601287942,43687.71684958916,124.28477540229431,140.41677498754692,primary_54,0.8954011687609869,102.80951003321768,114.52474491325285,0.5169110028616949
S24-T60,2022-02-10,10883.60910900592,9403.944044341288,85.16886488161977,75.08405618107186,primary_54,0.23665030485039718,52.106471161491726,47.180455167879245,0.23834635642083285
S24-T60,2022-02-11,6530.762831963336,8850.507335779925,66.07277813829081,72.78591468013502,primary_54,0.1723743109677413,52.44887634701297,52.7353036815754,0.25132438340883645
S24-T60,2022-02-12,16811.33897185566,4726.839894129004,109.41690147001083,58.02075220736274,primary_54,0.2727608233792499,75.89667696629911,40.15401425829748,0.2850099169986635
S24-T60,2022-02-13,3299.912464943233,2204.8603975957335,49.395999310459956,41.9694453319015,primary_54,0.06563186905353305,38.953204762308765,31.74304868021509,0.17050497493613173
S24-T60,2022-02-14,9668.877612090628,18906.793029563443,71.75420202656723,103.1800084354554,primary_54,0.31015238006415324,48.599968405022445,65.56126844671206,0.2692085191481047
S24-T60,2022-02-15,2847.6243436320187,4443.284287463764,39.91927746385888,54.021531131118934,primary_54,0.08069201356856091,33.953839919902684,35.74407150315135,0.16619169575378445
S24-T60,2022-02-16,6389.100106573979,12479.061736438533,65.5203957315567,96.47667503909774,primary_54,0.2048096768550573,46.71114443945682,68.56681536407747,0.2708293909073988
S24-T60,2022-02-17,9213.46381197875,27191.009701587824,64.93677806367019,114.07800118827446,primary_54,0.38241423888666914,47.22141771571791,81.82502618041069,0.30100572229582706
S24-T60,2022-02-18,17956.451665828794,53353.12167001996,114.506809196292,183.53134884937512,primary_54,0.7487055742169269,67.59420205583224,128.26895844592477,0.45511212817388214
S24-T60,2022-02-19,11051.630931618472,20790.332089167343,91.50796992501823,112.15283337352366,primary_54,0.3467402208352718,65.1005166876581,85.85739572900972,0.3563382484019241
S24-T60,2022-02-20,3360.4433797912557,6874.1777332373495,47.52744527831239,79.09449783994528,primary_54,0.11066388301813178,40.692385726839454,49.52574280955045,0.21372597310908725
S24-T60,2022-02-21,8569.80543791612,8968.981744456085,73.87303554384157,85.049588048479,primary_54,0.20115075337671828,47.89405612207607,51.20855129224801,0.23614127282953282
S24-T60,2022-02-22,5543.980384683077,8947.542504393014,62.084316995583755,65.58823234637124,primary_54,0.1599097655825309,46.78380822241103,42.09015098879373,0.213410052055234
S24-T60,2022-02-23,12753.266365343863,14410.921113949393,89.14046337137641,92.1507694655731,primary_54,0.3094158424319883,60.40320813162352,61.533364982240606,0.2911812197252025
S24-T60,2022-02-24,31608.627846237378,19818.08955906326,141.7324486308512,123.49260794414101,descriptive_stress_5,0.6163405196674545,111.84934005343496,83.24307823147512,0.47238814099344867
S24-T60,2022-02-25,74922.43975323645,49516.30402507449,224.32931812337276,149.87505274118269,descriptive_stress_5,1.4849827000765434,188.5808300667661,125.15459931002788,0.7633960126146387
S24-T60,2022-02-26,5518.319084469709,600.6733825570117,60.19388184843544,18.021885314293936,descriptive_stress_5,0.08053006786786351,47.32685892722833,25.142436208384694,0.17794896080647693
S24-T60,2022-02-27,10056.288231963112,11577.529500057784,66.3577623600953,76.28874757946444,descriptive_stress_5,0.24601012035664346,53.21384920780284,56.93545778964326,0.2624552384425752
S24-T60,2022-02-28,26322.378613463963,16915.266288201983,129.69181922298867,103.57607828660855,descriptive_stress_5,0.5171601950205307,103.02296820545725,77.83518256257922,0.4376368368156144
S36-T60,2022-01-01,125166.4199638893,17964.40752720748,309.82561129384476,116.13764578431001,primary_54,1.8676740486568941,258.84843550237866,82.75248350277163,0.8541197057891016
S36-T60,2022-01-02,2334.188957509296,945.7370307654269,39.380550578548075,23.111444578372044,primary_54,0.04061225832159415,36.03382058084291,27.344334453112698,0.15333180502844948
S36-T60,2022-01-03,31048.631408466306,11014.841601188687,154.77713629763457,87.06111664327152,primary_54,0.5253926727119752,114.25266204379125,58.0558002214074,0.4238435258690779
S36-T60,2022-01-04,11281.55248511173,9013.79798424128,79.8272123410715,73.66875270474499,primary_54,0.23835337658216216,52.7526123583872,47.62746202512941,0.2410015751082782
S36-T60,2022-01-05,6612.559758025999,10749.126371230095,69.02606217546531,81.60072291699612,primary_54,0.19146061110875517,54.68280442515516,62.23028366636178,0.27780114066576006
S36-T60,2022-01-06,16157.77490001718,19583.471854181615,95.1858537797425,109.8261635242036,primary_54,0.40456564319183874,74.47713435327093,85.77371561820719,0.380573740314841
S36-T60,2022-01-07,64234.29798298591,101163.90689649992,190.52735533079826,245.95403518740986,primary_54,1.829045137266125,151.83651155860295,203.2760531743797,0.8376890004216243
S36-T60,2022-01-08,7094.405310063184,8512.434752390625,74.47603147477174,80.0879844416671,primary_54,0.1768177434601898,54.804010404792656,52.51643888472072,0.25698115539107313
S36-T60,2022-01-09,30569.07791338213,33102.56158367095,139.79437012294787,126.62418710821025,primary_54,0.728024504744599,88.82992560748237,92.3531511139576,0.4322654076761673
S36-T60,2022-01-10,4763.865203739867,10273.371208126715,57.87566887560448,91.1081366934417,primary_54,0.16188289491783228,39.81776587617841,53.99900771163999,0.22118142064032664
S36-T60,2022-01-11,8621.868187707601,9552.062955158648,81.15529212465704,69.85704256368372,primary_54,0.20737771646681857,50.84398574981926,57.819273557954354,0.2582069260493417
S36-T60,2022-01-12,2681.5638888514027,9797.17273632263,42.15201877229372,85.84011762457835,primary_54,0.12913267109145293,38.31396283637824,63.28873315899262,0.2374781884085423
S36-T60,2022-01-13,23859.563020561865,4131.8308208565,129.26675330317448,57.70332291590585,primary_54,0.3627191246275234,77.91254197575057,42.11874229203909,0.2945343152265793
S36-T60,2022-01-14,15656.978035285241,24198.554344619155,106.35590657238413,114.52328234510031,primary_54,0.44147108636002186,82.14457699389123,91.75872092200107,0.4135627764419939
S36-T60,2022-01-15,59312.52886288247,7008.337925160424,207.607078213444,65.68211291748409,primary_54,0.8707887612724643,146.2263085864808,44.85632369371751,0.47838607123813165
S36-T60,2022-01-16,9460.551583313989,1894.4739586355297,81.13621358646867,33.591320418512474,primary_54,0.146247156052555,64.81018649309176,29.97800870864071,0.23399849044390847
S36-T60,2022-01-17,18797.97981765875,6182.090372855658,109.14612221008258,51.79400337529762,primary_54,0.31348372032381094,66.6296203631958,36.67096005273939,0.25329914590679736
S36-T60,2022-01-18,12329.67380243334,10098.722855459053,96.5916179028762,90.2494009796,primary_54,0.26284112958346745,73.83921285221258,58.41948290169092,0.3193945384988802
S36-T60,2022-01-19,9476.756301892712,9420.348838500751,87.39577891044648,78.8909981552742,primary_54,0.21772507965512367,58.607865930388165,54.91294361672516,0.272101113627502
S36-T60,2022-01-20,9304.004620580774,8318.91919285423,79.88152904927232,69.93392100908513,primary_54,0.20495332256941984,62.391771415527,55.60268420223152,0.28345550174151646
S36-T60,2022-01-21,3691.150956835833,11926.580397116659,49.33567065140872,92.59305554057556,primary_54,0.1629874022380751,41.77869418551628,64.43357336076595,0.24899163471712327
S36-T60,2022-01-22,6792.183529040496,2735.6779021490725,69.04537826900152,40.82374474020933,primary_54,0.11802207528756355,54.05365176900863,34.79623298647778,0.2164711038785658
S36-T60,2022-01-23,3964.510395980069,5135.734519261192,50.49735514308288,59.725328802275584,primary_54,0.10239627892935282,37.839105343163766,43.37426901933552,0.19291124716784108
S36-T60,2022-01-24,4114.571926250313,12871.106423582873,50.615596654159646,97.76296527136476,primary_54,0.17767325200835776,38.897374562852974,65.3766986552697,0.2435404910503442
S36-T60,2022-01-25,9473.729692566865,8218.249959061583,88.91846552326133,75.92268669719816,primary_54,0.20630205369984142,58.32938353341181,53.23285957530542,0.2677203529510054
S36-T60,2022-01-26,7713.464472979937,8457.298092992754,76.77254265287493,79.363023794156,primary_54,0.18469172535317518,59.72518944324054,60.87783872821718,0.28798928764174747
S36-T60,2022-01-27,10484.195851004442,13720.089680192914,91.49483592380015,78.3457028746787,primary_54,0.2721003114628511,61.24937840793655,55.40738722198833,0.2800556746030761
S36-T60,2022-01-28,2190.282637505485,7736.722813884829,33.49442035188966,78.30554581237514,primary_54,0.10296042449875459,33.80394605176915,52.15177315937649,0.20150162963953494
S36-T60,2022-01-29,7625.9505284159895,5579.155518673405,78.12803856884905,59.80103766384776,primary_54,0.1562533472225047,55.863210090235214,42.00841306821118,0.2368757928661374
S36-T60,2022-01-30,2751.3364043253473,4641.349450441053,42.40899057437042,62.17861010970159,primary_54,0.08126146495391312,40.5813612527424,43.17152363284409,0.19961119265689087
S36-T60,2022-01-31,7123.96763111649,19809.84901120826,65.10285422265856,109.06714193022253,primary_54,0.28418735028945846,47.42957587939964,78.49719161282412,0.29430700274315835
S36-T60,2022-02-01,8195.33802449762,6290.001475640775,81.50169823396736,73.82887744361472,primary_54,0.1707062984844532,52.58204116118898,46.8111040905964,0.23878114100752007
S36-T60,2022-02-02,2900.0319288371047,6428.240059580857,35.33161206548397,63.64511085934523,primary_54,0.10019719094775467,32.80214745321141,45.19238151874811,0.18375044358575332
S36-T60,2022-02-03,5400.229658672731,7554.554226749537,55.83757119733382,68.7070682987277,primary_54,0.1447707366071549,40.85967320229216,45.49437519915141,0.20539005848382363
S36-T60,2022-02-04,2981.8779057880333,3151.1855549044267,43.80610115487607,48.15247066215281,primary_54,0.07027870438918184,38.64247208212873,37.314923058508455,0.18181921681068855
S36-T60,2022-02-05,3851.2482995144146,3321.7730656362037,47.10655136250321,44.59877426652912,primary_54,0.083684803480172,38.94190987803464,34.41261328418019,0.17628406478165315
S36-T60,2022-02-06,1022.8772795447647,2023.2093855370567,25.71315933799743,39.81694198483458,primary_54,0.033029450798183216,32.19433407188766,32.08214870824208,0.15364208299095028
S36-T60,2022-02-07,9448.840927875737,10731.84507168264,75.23055279218035,92.73235275252186,primary_54,0.2297642726246566,61.96627571832446,64.2212383325492,0.3010999292268071
S36-T60,2022-02-08,26087.266267197236,21285.33253831518,130.80575063574568,111.73661234867659,primary_54,0.5553490888019997,98.14774824767646,84.53003927503278,0.439508150647954
S36-T60,2022-02-09,33542.394060741055,40722.52540309596,126.52369878404154,134.63322159015692,primary_54,0.8404993600477162,99.2206154354897,109.74366094951284,0.4971623976928682
S36-T60,2022-02-10,9853.877334840623,10802.52501327701,80.13668087339467,80.10304493294643,primary_54,0.2359268383780104,50.70058424749876,51.82853924080885,0.24479871195460948
S36-T60,2022-02-11,7525.559786903011,9828.053424708274,70.78543116389146,70.8932884844521,primary_54,0.19512214064612377,53.774068197187205,53.769220453770906,0.2570249244323905
S36-T60,2022-02-12,15368.519693619319,5337.315822634836,104.77494078984523,65.07027422998605,primary_54,0.2589727152048664,71.27121851970222,43.608010209215536,0.2804800898737343
S36-T60,2022-02-13,4095.6821963110165,2417.8833850132473,53.864286144548736,41.82805024369146,primary_54,0.07844155025408103,42.37933886544872,34.61095968179897,0.1856670093166713
S36-T60,2022-02-14,7992.6894689608425,14182.819670411774,65.59674582585693,88.48034519065219,primary_54,0.24269038071359417,45.15279545059274,56.11627866649371,0.23968113178853268
S36-T60,2022-02-15,3540.8852965113597,6715.128162233436,48.46471737158736,65.2294298404547,primary_54,0.11160519263968141,35.923595233459984,42.22774755121238,0.18542845571257655
S36-T60,2022-02-16,6290.912964915521,10215.583638869017,63.51735604114998,89.77166162769481,primary_54,0.18204644419804583,43.25907295400569,61.9826025456753,0.24751379451738822
S36-T60,2022-02-17,9596.34512423937,27098.19535267376,70.74747125867958,116.25762112444495,primary_54,0.38672829176772117,48.25444994172568,82.49850916644549,0.3051612126046184
S36-T60,2022-02-18,19390.563420934075,52456.799601645274,112.50955133157895,182.21111098014418,primary_54,0.7596690745506827,68.87963361954432,128.7776734755481,0.45956638323613563
S36-T60,2022-02-19,9918.60147989883,20711.11615200435,81.62767730707354,108.63864580950565,primary_54,0.3306233693310324,59.45204205969197,84.18873017759435,0.3379983842358083
S36-T60,2022-02-20,3923.9562479713727,7492.911342609602,49.32760869578916,82.29142184960077,primary_54,0.12416500075993173,41.36281445723436,52.95153037787111,0.2229257413227198
S36-T60,2022-02-21,9951.846318643986,9100.036719037016,78.1758789099837,87.28361417910601,primary_54,0.22113567590896066,48.08137343606461,53.00627557536978,0.24054059580140225
S36-T60,2022-02-22,5101.974559665334,9417.93761676544,61.558583434752194,70.26299011626328,primary_54,0.158368925144253,46.244970892699655,44.04551837561195,0.2162614059481469
S36-T60,2022-02-23,11791.987860738942,16105.405237383507,83.76275411440115,95.31621775205906,primary_54,0.31242251426120227,57.582360680431066,65.3855907400432,0.2922172417166464
S36-T60,2022-02-24,27359.239600034605,19382.28302064489,127.65123763036172,115.90501892639446,descriptive_stress_5,0.554581455406879,102.98605030756296,79.61021630448816,0.44140286027960324
S36-T60,2022-02-25,78301.87337331702,51918.28578103453,235.1052323444321,162.1598945512981,descriptive_stress_5,1.553559508951811,195.30944996314625,132.8667480902479,0.7976982291777572
S36-T60,2022-02-26,10347.729148523933,564.101844825741,89.1867970381606,16.212299955147092,descriptive_stress_5,0.14568304987203304,64.0271078746975,24.565720991412665,0.2201830969653445
S36-T60,2022-02-27,8932.55013754331,7909.324391388754,61.07890307602832,62.19450730801639,descriptive_stress_5,0.19603722601124154,48.97207904951011,48.44455014350527,0.23293456251500325
S36-T60,2022-02-28,19508.421518008952,19136.817138621045,113.75530503725993,112.33364367755222,descriptive_stress_5,0.4457799389275666,86.25191435946482,82.77740214447643,0.4047168874582598
S48-T60,2022-01-01,112429.7855627156,16856.08818565864,300.1042415198378,117.72971497853105,primary_54,1.6844384020460266,252.93946810076832,85.06087812531412,0.8437548777517867
S48-T60,2022-01-02,2709.0137309889683,1109.5270547903951,42.16076243298033,26.4277422348765,primary_54,0.04724668178813368,38.43770104999941,28.735561542428467,0.16261879367695486
S48-T60,2022-01-03,26735.652084517336,16526.56505626391,140.29097202264504,107.76140175257939,primary_54,0.5190848626199971,104.80508607190784,76.2090657676706,0.43873948984569033
S48-T60,2022-01-04,16620.97361225758,8689.868203934899,106.96430962832635,75.79898662979384,primary_54,0.30770259545239587,62.7762850855626,46.34864738888164,0.2643216548533497
S48-T60,2022-01-05,4397.203929944038,11434.536954378362,58.17624448594906,86.69125541311087,primary_54,0.16790442755746204,45.80034316551445,66.64807687995098,0.26428274430685567
S48-T60,2022-01-06,16471.796543377845,17087.61769190714,99.25034349513953,102.34072531068392,primary_54,0.385192790618602,76.7025465295705,79.53271338603713,0.3727895935206501
S48-T60,2022-01-07,92520.0644437622,86568.789202726,231.637202264823,219.8065612383638,primary_54,2.074480378979544,194.16506460907047,180.53018952805985,0.8984254057427967
S48-T60,2022-01-08,7276.937817878737,9121.26629216101,77.0150705317041,83.75619647736575,primary_54,0.1850580279185225,51.84751457334742,57.20312433863868,0.2594795741035207
S48-T60,2022-01-09,33211.03673705252,36356.776932080604,142.9272845644321,129.77592144928147,primary_54,0.7946685590255413,92.60008356612455,95.13075051905705,0.4481268093221502
S48-T60,2022-01-10,8509.403938809355,10770.463819256345,75.28276806224491,97.57977066371303,primary_54,0.21738874254661258,49.86935193214183,60.3220131309217,0.26111441179937733
S48-T60,2022-01-11,8070.5422094810865,10062.010546176532,73.85690912974216,72.74343413130343,primary_54,0.20472871227600486,46.28782739004616,60.03378615082308,0.2511606650069325
S48-T60,2022-01-12,3909.377314500562,11205.628148029247,48.49344157983962,87.71741072752724,primary_54,0.15912083565995655,41.84759554352327,71.55394209206617,0.2646637293375631
S48-T60,2022-01-13,16104.454413186466,3636.999717657054,104.22794328569377,53.42081524727592,primary_54,0.252854580782214,60.36827396047144,42.68439667811341,0.2500782102390076
S48-T60,2022-01-14,18244.329532359214,26884.150604418664,114.29268827536062,123.23692163439318,primary_54,0.5019905999754297,89.26348852095673,98.9303073500368,0.4477051793616572
S48-T60,2022-01-15,52826.44494489685,7428.560093904401,196.96136381193708,70.33090365719347,primary_54,0.7867995742332528,137.69224587022487,46.053001342889786,0.45876635579771596
S48-T60,2022-01-16,8457.398244951984,2501.3876028088534,70.48704512327575,36.985885687118596,primary_54,0.13838832282323899,58.05873876481589,32.87769692972953,0.22272631782756802
S48-T60,2022-01-17,18865.71398632147,6591.832090334414,110.53668250642295,54.47645292758588,primary_54,0.31828197711308986,66.38044206159712,38.16411144416381,0.25589909759157076
S48-T60,2022-01-18,13123.10739999265,9328.014940354647,101.3718687413597,86.34378495795274,primary_54,0.2663047492238696,74.04297728876121,53.13530670234628,0.3084277221945485
S48-T60,2022-01-19,8812.89661453102,9209.082286274916,84.01210994451411,78.36833992807878,primary_54,0.20672106954583935,57.120952622665406,55.57472403586576,0.26966897387771216
S48-T60,2022-01-20,10020.276556474428,4436.623693598933,80.85498155948407,53.00645902197963,primary_54,0.17790861228691293,64.61465571786302,44.52618167013782,0.26514357449923515
S48-T60,2022-01-21,5191.471651721352,11534.28100075663,58.21467376809793,88.52006946174106,primary_54,0.17962116501902708,44.976047318257,63.78101149849436,0.25589797327526087
S48-T60,2022-01-22,7278.001984294187,3405.8206085024744,73.34407710752248,42.139517668560934,primary_54,0.13095621933022022,56.29320050462088,38.09298190883925,0.2294762378972824
S48-T60,2022-01-23,4526.677424241006,7459.923158101871,53.49132126277228,68.55451198148029,primary_54,0.13202710848164934,37.08949638690894,49.74516733709669,0.20482115077727592
S48-T60,2022-01-24,3274.852608669269,14404.081356010907,42.12142372946507,101.57039842301015,primary_54,0.1807993430558244,35.18253550979718,70.25756608852066,0.2444866208625088
S48-T60,2022-01-25,13777.033910353186,6086.417537795106,110.10635452489593,60.920194617964135,primary_54,0.24448087297543303,68.2717563407891,44.52263683220148,0.274659284153015
S48-T60,2022-01-26,9835.64173956157,8849.674706238418,87.16146784224942,79.05579030695606,primary_54,0.21718910935453628,65.93628543869806,60.847100440595376,0.3040966653442055
S48-T60,2022-01-27,9290.326114605097,16892.443458046753,83.72642757909202,85.34271587216165,primary_54,0.2859455371856672,57.71292650768183,63.25058400290348,0.287911848092409
S48-T60,2022-01-28,2742.106003498008,7778.888192365342,38.65979365529635,75.96908512494547,primary_54,0.11084381215006232,34.05971570131077,51.67900407173884,0.20113901473626736
S48-T60,2022-01-29,6288.743012494483,8691.150758489273,69.77766083530037,80.00497170847127,primary_54,0.16758304295051712,51.31445207314972,54.12074609731982,0.25138471830298004
S48-T60,2022-01-30,3134.0735150759624,1882.7134959574105,41.07001378616192,33.863080184470135,primary_54,0.06033244291977746,40.55020783616519,33.644472027492704,0.17880087873612224
S48-T60,2022-01-31,10863.10598243667,18235.667118057183,76.19236991057748,101.49222440655753,primary_54,0.31999469482628207,56.58966936607937,75.56211544621156,0.3117745100141939
S48-T60,2022-02-01,7366.592137527514,5839.776663056407,76.95848116059977,65.09173667028038,primary_54,0.15520344900476976,46.77985221929102,45.16415094106508,0.22008823315446302
S48-T60,2022-02-02,2808.3578176981005,7478.581292757745,40.19170249003623,69.31015892534832,primary_54,0.10889892571221348,33.43416201468481,48.74571518155966,0.1931276956644325
S48-T60,2022-02-03,6176.39560197922,6719.794474259698,59.76022205755462,66.86701679097656,primary_54,0.14739369260671814,43.10010848202719,44.65779613316355,0.20940410688164204
S48-T60,2022-02-04,4305.561023028552,2622.885977670797,52.50942803847284,43.05602040390965,primary_54,0.08322909916464376,43.50402310528616,36.33907033770532,0.19235585400594524
S48-T60,2022-02-05,4851.6747122837805,4001.9033879317926,45.89093497056246,52.42355413013323,primary_54,0.1036929256704216,42.208331674384745,39.50649245494643,0.19587350877061577
S48-T60,2022-02-06,1719.5868490513524,1600.9016246453675,31.497852654181003,33.4754618163077,primary_54,0.038480042205291304,36.62056371178648,28.77204041543184,0.15796617440615784
S48-T60,2022-02-07,9002.140550862172,12916.198293541753,70.04985306098241,99.66218003042094,primary_54,0.24438823755867944,61.44322945090121,71.10498229668974,0.31471568455032384
S48-T60,2022-02-08,24186.60884126216,23715.36587377006,130.29836260896744,118.1472053637541,primary_54,0.5525798485971166,97.85286847547734,91.50408124903429,0.45391454485196214
S48-T60,2022-02-09,28772.712874741326,39024.91344978405,116.56840598137107,141.05572560496725,primary_54,0.75973647766799,94.37023528478151,112.35652391258108,0.4902166966488066
S48-T60,2022-02-10,8929.158424138792,11922.774147283495,66.54971341920621,82.08185859684964,primary_54,0.23399225441650778,45.59273566877866,53.71940110213995,0.23561159238029736
S48-T60,2022-02-11,7018.108613908295,8504.32664110312,64.76046484287369,66.48828798202008,primary_54,0.17570619246780905,52.795521921453,51.73811494225447,0.2500573728107833
S48-T60,2022-02-12,8926.656362055135,6129.386267756311,80.574745699384,69.55941175457963,primary_54,0.17910408910888562,56.11332226131682,46.69990250125278,0.24773496303782194
S48-T60,2022-02-13,6179.725128136416,1436.3524188106373,67.63634078307693,31.444060652069016,primary_54,0.09741300002426456,49.21463100809299,28.1863744547056,0.1894879648878683
S48-T60,2022-02-14,9900.187973126624,19429.782150642754,80.48793921686443,105.6322234307516,primary_54,0.31824142592994686,49.99597649156557,66.54024267064504,0.27497392677569177
S48-T60,2022-02-15,3100.696131105604,6842.725906173427,47.27534703544807,62.83517159343872,primary_54,0.10684324125958874,34.924207815192666,40.77701098540079,0.17966941254502744
S48-T60,2022-02-16,6198.302059258895,11917.431533637233,65.67362931315117,95.45823177941598,primary_54,0.19690421245524933,44.63919717730844,68.23930571674175,0.2647212484618455
S48-T60,2022-02-17,8265.095181950906,27050.588813840626,62.72205728535985,110.22025006543477,primary_54,0.36822235021855854,45.29519212721296,81.4702362641037,0.2952176952761853
S48-T60,2022-02-18,14231.158579641226,49501.195524969495,91.92225740360941,175.69480265540207,primary_54,0.6617093361661974,56.54087441321362,119.34666589197488,0.40691491947869735
S48-T60,2022-02-19,12111.213475890816,21818.787386193064,88.56874356250596,109.42328100593647,primary_54,0.37084873997769735,63.28323927700399,83.80137061035488,0.3471323439517002
S48-T60,2022-02-20,4339.668984480914,6085.165844086633,55.26730714581362,72.34331557758388,primary_54,0.11647401176016191,43.98333231090768,46.20595146024457,0.21507261557798207
S48-T60,2022-02-21,15137.453771374507,5960.054139081778,97.21466036720533,70.8239268991607,primary_54,0.2617352133860437,59.84225677344807,43.01575665423926,0.24942939463895947
S48-T60,2022-02-22,4886.529636350709,7476.835022964219,60.08758243791707,62.37477189710409,primary_54,0.13706776126727366,43.251362142758126,38.79899357204322,0.19705026190924524
S48-T60,2022-02-23,12665.18819493337,16754.210572765212,89.47227193156364,93.7190584347788,primary_54,0.3304085245397649,61.34841149864162,66.0237075174844,0.3034128103334059
S48-T60,2022-02-24,31798.16076123029,18224.91195125996,135.24880642410082,118.03074072009709,descriptive_stress_5,0.6038261997837779,108.34195139061616,78.33856273573207,0.4525832194007899
S48-T60,2022-02-25,79477.59933483916,48648.206557729056,241.04572550703008,155.84458318520353,descriptive_stress_5,1.5385429012615488,202.1139254068228,128.97380288337322,0.8069473383933521
S48-T60,2022-02-26,10212.552877325099,525.9171777799525,87.057396909663,17.650321108296566,descriptive_stress_5,0.1434881625088803,63.92317764397726,24.8589111020688,0.22055038327431506
S48-T60,2022-02-27,8153.588390380726,12586.839010338199,52.452754884905964,82.93180754448342,descriptive_stress_5,0.22976116954626674,44.68900953159877,57.475578472797146,0.24143098822911435
S48-T60,2022-02-28,25415.274387693305,19275.913697837077,130.7679100991501,109.77106749842436,descriptive_stress_5,0.5272091237226854,103.83540366109942,83.80131342427138,0.4527337433774466
SNaive-168,2022-01-01,221273.79374999998,87645.9975,443.1375,244.65,primary_54,3.8309124963550127,401.9133142328293,183.22776424653625,1.4452901881305666
SNaive-168,2022-01-02,66347.66625000001,7744.361250000003,241.7875,64.68750000000001,primary_54,0.9731723476965358,214.9778069864525,57.61124682223501,0.6851736932432528
SNaive-168,2022-01-03,148641.12,8328.956250000001,370.55,72.43750000000001,primary_54,2.0948190264835063,329.6994555371771,55.83421344739511,0.980052786930057
SNaive-168,2022-01-04,143954.19,9630.00375,371.175,83.6875,primary_54,2.0435710313969033,331.28749901543785,63.02457146266403,0.9998331501460034
SNaive-168,2022-01-05,110488.44749999997,9448.867500000002,325.09999999999997,78.05000000000003,primary_54,1.5879741726806738,287.38831423282926,61.37136739331229,0.8819185996978879
SNaive-168,2022-01-06,188094.62624999997,28214.22,420.1375,126.2,primary_54,2.818192364621696,380.0336946676119,93.67187353642868,1.1934558121587389
SNaive-168,2022-01-07,413506.37625,120064.44374999999,597.7375,253.13749999999996,primary_54,6.74503360132162,555.2309772763075,199.09068522803213,1.8790582496177057
SNaive-168,2022-01-08,11967.123750000004,954.7575000000003,100.76250000000003,24.450000000000006,primary_54,0.17134510938165268,65.14211858065538,34.959925262951124,0.24570264542127912
SNaive-168,2022-01-09,37654.38000000003,45776.2725,146.07500000000005,146.1,primary_54,0.9441194963522632,86.98586858065539,117.6574419219575,0.4825209988796537
SNaive-168,2022-01-10,51963.757500000014,16687.22625,204.75000000000003,90.5125,primary_54,0.8627642491649381,108.240669305293,76.7876123476646,0.4489448765533265
SNaive-168,2022-01-11,69782.47500000002,17131.32375,252.70000000000005,109.8125,primary_54,1.1086369190141645,131.72246278355388,72.03231497126215,0.4997469120068899
SNaive-168,2022-01-12,162172.68749999997,7249.811250000002,396.125,59.83750000000001,primary_54,2.2681241846564273,244.0748178560176,48.78641045497377,0.7417436647988841
SNaive-168,2022-01-13,276477.21375000005,11753.58375,517.6875000000001,83.8625,primary_54,3.861031990335473,359.5250895951481,60.28383075627827,1.067403034506295
SNaive-168,2022-01-14,281646.8338612968,117878.11130647034,489.2801100519894,246.9492480025377,primary_54,4.935976994417319,340.8852808994576,202.39815500065436,1.32807903587775
SNaive-168,2022-01-15,59359.96439772208,13352.131121592936,211.26193640686998,96.97283631345363,primary_54,0.9314978091921834,124.20154032088932,68.22806799774328,0.4718843740742786
SNaive-168,2022-01-16,21593.61750000002,51256.98,132.35000000000005,165.54999999999998,primary_54,0.7781877739083343,89.76186495746695,121.7135897520157,0.4985754097139956
SNaive-168,2022-01-17,14818.072499999982,8273.655000000004,100.22499999999995,69.825,primary_54,0.27930972473743065,59.0580606096409,57.65195460245646,0.27923306736869846
SNaive-168,2022-01-18,12407.696249999999,4700.317499999998,87.6875,49.724999999999994,primary_54,0.2127849448331183,86.15797002993072,45.50309409587052,0.32336991361544476
SNaive-168,2022-01-19,60595.661250000005,11277.472500000003,228.4375,75.80000000000001,primary_54,0.928613306046733,202.57119466761185,58.24912079857986,0.6542536480236361
SNaive-168,2022-01-20,157982.145,3376.3424999999975,387.27500000000003,49.87499999999998,primary_54,2.1746139901269426,344.8453794502205,42.48745368831175,0.9904539498750705
SNaive-168,2022-01-21,37502.784104479455,18533.92791347088,158.0126144600899,107.97424800253766,primary_54,0.6841214989109887,141.78683907258196,77.63453017341776,0.5381448974381454
SNaive-168,2022-01-22,42628.36234188937,13077.431657662266,169.5932747153,95.97283631345363,primary_54,0.7019731604894115,124.58059911195892,66.56420356669776,0.4692512014655899
SNaive-168,2022-01-23,4862.1900000000005,3122.3662499999996,55.77500000000003,43.38749999999999,primary_54,0.0955077128796622,54.4686584357278,42.11238743503025,0.23347048346122254
SNaive-168,2022-01-24,6874.065000000005,15569.025,72.10000000000004,109.2,primary_54,0.24064412227017984,51.57635771109006,69.44535224897248,0.285410390351596
SNaive-168,2022-01-25,51372.49125,16097.459999999997,207.4125,94.04999999999997,primary_54,0.8491609991138994,101.89121278355384,73.5939425155204,0.4254614508653149
SNaive-168,2022-01-26,45373.63500000002,23242.18875,184.95000000000007,127.1875,primary_54,0.8354503299583971,100.13740843572786,89.90723033368454,0.4563892281076485
SNaive-168,2022-01-27,29826.708749999987,17396.448749999996,159.88749999999996,110.0625,primary_54,0.5692439879380804,74.15760771109007,74.63602253882753,0.3555080039055428
SNaive-168,2022-01-28,10733.658750000004,8594.133750000003,86.96249999999999,81.8625,primary_54,0.22694896706531809,52.58795191398861,57.44598630694349,0.2619361651744269
SNaive-168,2022-01-29,2847.168749999993,7131.731249999998,45.08749999999995,69.8625,primary_54,0.10614118010180375,50.2492743777568,50.89719482447947,0.24159701847281584
SNaive-168,2022-01-30,7073.225416666673,2016.6712499999996,73.87083333333338,36.0875,primary_54,0.11502587104161954,64.62228162413362,38.506493553320304,0.2520656511384457
SNaive-168,2022-01-31,27980.546250000018,7395.011249999997,137.93750000000003,69.76249999999999,primary_54,0.44950744976579976,128.73043379804662,51.06279350708488,0.4463294082351895
SNaive-168,2022-02-01,37341.179999999986,8239.222500000002,178.79999999999995,80.675,primary_54,0.5844551336282653,153.85162945022054,51.37291946216063,0.5124220657221851
SNaive-168,2022-02-02,22813.890000000014,8447.306249999998,136.00000000000009,65.9375,primary_54,0.38939783619987944,123.76277075456842,52.32740194269758,0.43614472730543674
SNaive-168,2022-02-03,12852.978750000018,7904.504999999995,83.81250000000004,83.64999999999996,primary_54,0.2491627177117973,74.64537945022056,54.2099355823058,0.3123346355199197
SNaive-168,2022-02-04,8639.805000000008,6029.700000000002,67.15000000000002,59.00000000000002,primary_54,0.17426977330757368,54.33505336326403,50.521115773976106,0.25141847668376105
SNaive-168,2022-02-05,8530.26375,1404.157500000001,77.91250000000001,32.45,primary_54,0.12898753132729487,50.54547002993067,39.02495738631196,0.21653643966209274
SNaive-168,2022-02-06,2416.3991666666666,2418.6037500000007,35.23333333333337,44.76250000000001,primary_54,0.05567296181132476,57.59184684152489,41.96764896423705,0.24128862465196277
SNaive-168,2022-02-07,15739.976249999978,10377.292499999998,91.88749999999993,80.92499999999997,primary_54,0.3117312412242711,96.32916568210447,57.24085424476931,0.37539593236848406
SNaive-168,2022-02-08,85222.28249999999,25609.458750000005,271.34999999999997,123.71250000000002,primary_54,1.3983150765221826,240.0790751023945,87.62889782252512,0.8158528037709082
SNaive-168,2022-02-09,116495.02874999995,39493.5825,324.81249999999994,164.27499999999998,primary_54,1.9539148936226955,284.64836858065524,111.05814629883344,0.9828932183819317
SNaive-168,2022-02-10,68423.26500000003,9630.5475,247.97500000000005,84.275,primary_54,1.0191820242327085,217.32065118935105,59.57780198702977,0.6955535505418602
SNaive-168,2022-02-11,99134.64750000002,21010.45500000001,291.125,107.37500000000004,primary_54,1.543457329233841,262.1438395951481,73.48467243303055,0.8425361119191358
SNaive-168,2022-02-12,71416.5375,2044.4662500000002,244.57500000000005,32.91250000000001,primary_54,0.987950314675586,213.9214664067423,39.29187547387681,0.6425631583528679
SNaive-168,2022-02-13,12271.147500000006,1498.0650000000007,90.97499999999998,32.45000000000001,primary_54,0.1806127192969458,90.51548814587268,36.6420317810012,0.3154371749553422
SNaive-168,2022-02-14,26169.166666666646,38615.534999999996,113.76666666666665,146.39999999999998,primary_54,0.7205495087197439,82.56992655166982,112.39410973033608,0.4595693997173377
SNaive-168,2022-02-15,47966.23124999998,66599.73,196.48749999999995,216.72500000000002,primary_54,1.28114004194259,98.00208234877122,160.96051004187078,0.6054280764976048
SNaive-168,2022-02-16,88501.46999999999,68872.70625,247.6,204.0625,primary_54,1.8524239238937943,138.11394829080027,155.6592232322599,0.6983483560625802
SNaive-168,2022-02-17,20215.70250000001,12796.173750000002,123.57500000000003,90.36250000000003,primary_54,0.3953366172773901,68.52364031978574,64.9458606271251,0.31975255355687593
SNaive-168,2022-02-18,56128.56375000002,88646.58375,200.13750000000005,240.81250000000003,primary_54,1.6005911989318333,107.86757147920612,182.54018920549424,0.6780722913262138
SNaive-168,2022-02-19,43103.784166666665,42552.19875,172.20833333333334,153.5625,primary_54,0.9875005871321045,98.31630336326404,116.16621656360992,0.5087818375051414
SNaive-168,2022-02-20,16106.966250000003,1129.78125,116.53750000000002,28.9375,primary_54,0.2291492497539013,109.00579611688724,35.41976001359783,0.36092817015895345
SNaive-168,2022-02-21,31400.80041666665,11606.192916666665,161.8458333333333,80.72916666666667,primary_54,0.535768155540306,141.35135771109012,57.930811995608416,0.4941390413482897
SNaive-168,2022-02-22,44594.51999999996,6791.332500000003,195.1249999999999,68.12500000000001,primary_54,0.6691199012152437,172.36820553717703,49.05183370692331,0.5555906396354782
SNaive-168,2022-02-23,78793.47374999999,18715.571250000005,236.38749999999996,114.6375,primary_54,1.245849624669807,208.51847727630752,77.90968342890054,0.7125188369258239
SNaive-168,2022-02-24,45536.94,86177.89875000001,155.25,243.11250000000004,descriptive_stress_5,1.4335669155591282,152.13595916036547,184.2775124495062,0.7971313082169134
SNaive-168,2022-02-25,298753.95375,81708.4875,480.1625000000001,200.42499999999998,descriptive_stress_5,4.825524466432867,443.5141294502205,155.25472378171375,1.4927580811480603
SNaive-168,2022-02-26,250392.07416666663,24675.48375,489.75833333333327,123.71249999999999,descriptive_stress_5,3.629600196801694,446.9228251023944,85.66008012729537,1.3502089382476612
SNaive-168,2022-02-27,105983.90624999999,11029.590000000002,287.28749999999997,80.175,descriptive_stress_5,1.541847919891686,268.5321548125394,60.98686736503934,0.831978841404524
SNaive-168,2022-02-28,158237.21625,26282.335416666665,354.4375,129.02083333333334,descriptive_stress_5,2.394956980467381,327.477535247322,92.34991084330022,1.0537184354307678
SNaive-24,2022-01-01,372616.57125,117099.33000000002,554.3375,250.80000000000004,primary_54,6.162387437813631,460.1319401780086,176.29851679681363,1.5818199615228732
SNaive-24,2022-01-02,25470.742499999993,3749.9925,142.92499999999995,44.875,primary_54,0.38095546831749777,94.39498365626972,51.38906147979518,0.35762667530237763
SNaive-24,2022-01-03,23457.277500000007,64304.5875,119.52500000000002,175.35000000000002,primary_54,0.9270040409069897,88.16889669974796,132.32483461527696,0.5175153768158549
SNaive-24,2022-01-04,22217.024999999983,15957.42375,125.74999999999994,104.96249999999999,primary_54,0.4524117556686761,84.18855249684938,79.44748539283866,0.3920983927200136
SNaive-24,2022-01-05,8769.236249999994,10520.313749999996,73.66249999999997,70.8625,primary_54,0.21854421288536724,60.659023511342106,55.33127162472268,0.278352722621949
SNaive-24,2022-01-06,15687.41625,17311.18125000001,103.68749999999996,96.73750000000003,primary_54,0.3766713644449643,72.92070829395084,69.72710495805605,0.3416060646236686
SNaive-24,2022-01-07,98246.00249999996,123315.40499999998,246.29999999999995,239.07500000000002,primary_54,2.500071267332391,176.14670467076243,173.09961166496123,0.8353363281872981
SNaive-24,2022-01-08,12333.558750000006,1020.67875,99.2625,26.08749999999999,primary_54,0.17693908320247673,70.23846191713926,42.66016655225895,0.27572835677931834
SNaive-24,2022-01-09,53380.11375,71380.2075,184.16250000000002,192.80000000000004,primary_54,1.3998298221439653,125.28601626496534,142.1205832189256,0.6354855565487991
SNaive-24,2022-01-10,16942.11000000001,19675.811250000002,110.50000000000004,107.1375,primary_54,0.41607755834020305,81.17623365626977,89.54259408849082,0.40621922036503605
SNaive-24,2022-01-11,32840.94749999998,22209.04875,158.67499999999995,129.26250000000002,primary_54,0.6556925589531019,105.47623365626966,95.89454043818826,0.4833193475501626
SNaive-24,2022-01-12,23278.15124999999,8834.448749999998,141.73749999999998,70.88749999999999,primary_54,0.39936004406429,91.51654162728414,57.94684979561642,0.36439954373954786
SNaive-24,2022-01-13,13687.184999999998,1809.9337499999992,100.49999999999999,31.21249999999998,primary_54,0.20277074447778357,68.26119742438559,42.96623539283864,0.2712453321594771
SNaive-24,2022-01-14,81733.679267288,23040.788790218037,245.7073899480106,122.66174800253766,primary_54,1.326679372166554,176.74052904438085,89.86419009080781,0.6557770724337917
SNaive-24,2022-01-15,158718.6411488037,87568.02092251653,314.53791274865773,251.7845843159913,primary_54,2.981764967134347,247.6522538434781,168.37599626148258,1.0112655251261926
SNaive-24,2022-01-16,34944.182571347825,11828.777731591144,145.0557747153,90.89783631345362,primary_54,0.5859330833622147,100.7473539909962,66.7656876013461,0.4076256575849736
SNaive-24,2022-01-17,74864.88,89807.54625,224.57500000000002,220.1875,primary_54,1.865696453596322,153.041451047574,159.16487669718643,0.7448486157082019
SNaive-24,2022-01-18,12263.081250000001,11198.703749999999,99.1125,93.16249999999998,primary_54,0.27235304414837047,70.60050901858847,68.92352859643265,0.33381561397429005
SNaive-24,2022-01-19,10922.658750000008,15521.366249999997,88.7375,101.58749999999998,primary_54,0.2951022427559422,64.29561771424066,71.54599276171861,0.32310312413980463
SNaive-24,2022-01-20,14271.026250000008,11749.983749999998,90.46249999999999,64.66250000000001,primary_54,0.30480570802094015,66.37659597511022,56.3623404653024,0.2954852256065308
SNaive-24,2022-01-21,4138.136250000003,7274.3062500000015,52.18750000000001,67.81250000000001,primary_54,0.12499998913250338,50.33284597511028,54.40484536709344,0.24944667676815654
SNaive-24,2022-01-22,28628.456249999992,31433.471250000002,136.6625,124.43750000000001,primary_54,0.6859010210037182,89.62985684467549,81.88326437834588,0.41156787046201937
SNaive-24,2022-01-23,5375.103750000003,2005.26375,59.83750000000001,39.612500000000004,primary_54,0.09188695036945141,53.64226626496537,44.17022090008501,0.2357959665507697
SNaive-24,2022-01-24,65288.962500000016,46335.345,215.25,137.22500000000002,primary_54,1.324209244717464,144.283298873661,108.06460495805602,0.6108563930130357
SNaive-24,2022-01-25,42774.63749999999,24180.131249999995,188.69999999999996,131.83749999999998,primary_54,0.8090820541363583,127.2162698881537,95.74857234936036,0.5396147780557419
SNaive-24,2022-01-26,13500.742499999986,9624.7425,107.04999999999995,89.80000000000001,primary_54,0.27423599641579216,70.33873365626965,65.4177536247389,0.3255059777814392
SNaive-24,2022-01-27,16572.06000000001,14626.93125,112.27500000000005,100.9875,primary_54,0.36325380845318456,83.05684959829868,71.33961562876054,0.37151003778404856
SNaive-24,2022-01-28,12573.88125,7326.633749999996,84.5625,67.68749999999999,primary_54,0.23990590792827268,64.67378800409574,54.35237669718646,0.2866776313791892
SNaive-24,2022-01-29,39616.938749999994,55316.71875,159.31249999999997,161.73749999999998,primary_54,1.0610698090198838,107.52079887366097,106.76632597254876,0.5122986732637022
SNaive-24,2022-01-30,3014.800416666665,2693.7787499999977,46.47083333333333,43.987499999999976,primary_54,0.06639429871536004,46.245527134530526,49.52703940786077,0.22818967950473973
SNaive-24,2022-01-31,17323.51166666667,27355.4025,117.39166666666667,131.175,primary_54,0.4939639456763981,79.18194017800884,95.9980288710995,0.4150717887577028
SNaive-24,2022-02-01,22567.40625000001,13171.162499999999,143.56250000000003,103.97499999999998,primary_54,0.4307823368027122,90.94072640989292,77.9797547873833,0.40648814414343815
SNaive-24,2022-02-02,10097.534999999998,8491.00875,89.82499999999997,71.3875,primary_54,0.21734505746319588,62.66536409105223,57.66197814646183,0.28864862314859685
SNaive-24,2022-02-03,10981.271249999996,11570.069999999998,83.41249999999998,70.75,primary_54,0.25848464615618133,63.00648727945812,61.86952129191875,0.2986918123356741
SNaive-24,2022-02-04,7344.8475000000135,7816.676250000001,60.10000000000007,66.9375,primary_54,0.17362665164057486,53.128045250472674,59.650391962936375,0.26813901608412893
SNaive-24,2022-02-05,32693.3925,69251.46375000001,148.44999999999996,190.88750000000002,primary_54,1.0991086855628849,100.90911409105236,124.7930469870415,0.5343042171618377
SNaive-24,2022-02-06,9264.360000000002,4185.824999999998,83.7,55.79999999999998,primary_54,0.16528176666902866,64.81808148235666,54.19918162657783,0.2867200592063108
SNaive-24,2022-02-07,11399.726249999998,28988.493749999998,88.08749999999999,116.68749999999999,primary_54,0.42908493074263365,63.20748365626965,90.93335495805604,0.3624530121814657
SNaive-24,2022-02-08,9643.612500000008,5194.226250000001,69.17500000000003,42.51250000000001,primary_54,0.1799733755303607,56.991088728733416,45.97882597254877,0.24845181112124204
SNaive-24,2022-02-09,22723.593750000015,23698.2075,107.1375,110.07499999999999,primary_54,0.5325751277950089,77.9691684388784,76.02610858124443,0.368458237244129
SNaive-24,2022-02-10,30377.00249999999,26914.694999999996,126.10000000000001,124.22500000000001,primary_54,0.6668301457022365,89.95340756931319,89.37402524791109,0.4287090032970024
SNaive-24,2022-02-11,9330.817500000005,10179.146250000005,78.725,75.41250000000001,primary_54,0.22293038583738356,60.53927713453058,57.87758288612165,0.28358121733677505
SNaive-24,2022-02-12,37067.73750000001,34628.317500000005,150.375,129.525,primary_54,0.83060958851827,99.12759235192186,84.95898901602705,0.4429930729459059
SNaive-24,2022-02-13,10209.847500000002,4063.376250000001,90.87500000000004,50.037500000000016,primary_54,0.17694561959175686,64.49942206206684,52.52302887109951,0.28224322769375115
SNaive-24,2022-02-14,60816.75291666665,97350.44625,203.35416666666663,230.61249999999998,primary_54,1.7465869636256952,138.417085105545,170.95645278414295,0.7324218311821542
SNaive-24,2022-02-15,8437.072916666666,3554.9962500000024,77.75416666666669,49.81250000000002,primary_54,0.14808866835794254,62.62251988815376,51.75980423341838,0.27569496125943843
SNaive-24,2022-02-16,10501.612499999997,20250.52875,87.67499999999995,119.9375,primary_54,0.334169467424398,64.60992930844361,79.52339118994007,0.34127903512136026
SNaive-24,2022-02-17,18124.109999999997,30449.15250000001,101.84999999999998,136.35,primary_54,0.5341150490438688,73.32034597511029,91.3085073834527,0.3896040909722335
SNaive-24,2022-02-18,8306.268750000003,47148.00375000001,63.08750000000003,179.68750000000003,primary_54,0.5590715397810404,57.55195829395087,126.64965930588214,0.425437902238536
SNaive-24,2022-02-19,54513.28541666667,79325.28000000001,171.22916666666666,206.22500000000002,primary_54,1.4904258377110609,131.1519582939509,140.72187514391695,0.6477176604313021
SNaive-24,2022-02-20,50844.74291666665,26943.311250000002,171.3458333333333,112.6875,primary_54,0.9446964477105069,123.17931336641456,80.85625018878902,0.49669910408948437
SNaive-24,2022-02-21,49539.573749999974,56431.405416666676,189.01249999999996,176.22083333333333,primary_54,1.2062006542721162,123.55802713453056,128.37909771167924,0.6010866616634836
SNaive-24,2022-02-22,10182.442499999996,13883.64666666667,85.99999999999996,92.94166666666668,primary_54,0.2695563840044619,65.50974814902331,73.59485858124441,0.33072280164002
SNaive-24,2022-02-23,13685.546250000009,18665.29500000001,95.88750000000005,100.57500000000005,primary_54,0.3623421619349148,67.52922278670448,68.71061945080965,0.32535445249483386
SNaive-24,2022-02-24,45816.99375,43960.237499999996,181.6875,145.92499999999998,descriptive_stress_5,1.0376306096684822,127.99136046786388,107.69503974066474,0.5676265949506129
SNaive-24,2022-02-25,114210.95249999997,68373.615,302.37499999999994,192.95000000000002,descriptive_stress_5,2.1963852119203726,224.73900539540003,129.14547395925896,0.8662386302467424
SNaive-24,2022-02-26,48462.727500000015,59213.793750000004,172.625,161.8875,descriptive_stress_5,1.2179406636057926,126.14398727945812,122.66570258528223,0.5953893947742432
SNaive-24,2022-02-27,7700.722499999999,4373.557499999999,56.99999999999997,40.25000000000001,descriptive_stress_5,0.14585233936516492,52.89652351134213,49.44929698704155,0.24534032508319553
SNaive-24,2022-02-28,13529.576249999991,13709.265000000001,83.71249999999998,77.875,descriptive_stress_5,0.31330103182891056,63.44951264177691,67.22157959573718,0.3114906276075465
