"model_id","original_snapshot","development_origins","trial_milestone","sampler_seed","target","roles","best_trial_number_zero_based","best_objective","publication_model_file","publication_metadata_file","original_model_file","original_metadata_file","model_sha256","metadata_sha256","duplicate_model_of"
"HIST_MUT_L24_P","sx_hist",,,,"P","historical anchor",,,,"Models/HIST_MUT_L24_P_LGBM.meta.json",,"Models/sx_hist_LGBM_sheet1_P_Power_best.meta.json",,"dec913a0a078df93e9af53104c388d7c2f3b1e4aa37f40003bcf0499a9323089",
"HIST_MUT_L24_Q","sx_hist",,,,"Q","historical anchor",,,,"Models/HIST_MUT_L24_Q_LGBM.meta.json",,"Models/sx_hist_LGBM_sheet1_Q_Power_best.meta.json",,"a11a887c9c436f0f6a5950cd285b9365e2e517a23ec1e82c4e8c31cb2f9464cd",
"S24_T10_seed17_P","sx_norm_s17_t10","24","10","17","P","variance search; sampler-seed replication","0","0.5415158790668342","Models/S24_T10_seed17_P_LGBM.txt","Models/S24_T10_seed17_P_LGBM.meta.json","Models/sx_norm_s17_t10_LGBM_sheet1_P_Power_best.txt","Models/sx_norm_s17_t10_LGBM_sheet1_P_Power_best.meta.json","ab41cc6f2751e7b5b221e70f10abd5bd5a93623ee8895030e26c143d77be9ed5","2b2c5026040209c02b6de9bedc63ceb706200f2656c7c6a8619d09c8431f97ca","S24_T10_seed42_P"
"S24_T10_seed17_Q","sx_norm_s17_t10","24","10","17","Q","variance search; sampler-seed replication","0","0.5415158790668342","Models/S24_T10_seed17_Q_LGBM.txt","Models/S24_T10_seed17_Q_LGBM.meta.json","Models/sx_norm_s17_t10_LGBM_sheet1_Q_Power_best.txt","Models/sx_norm_s17_t10_LGBM_sheet1_Q_Power_best.meta.json","0952abd5d58465b49b5ce689c23e79be260e49a3c1edf5374effd4a7559042b2","6c653c806d04aef47a522e53a956d0f084764440c9e1b7062630636ae4c3a82c","S24_T10_seed42_Q"
"S24_T10_seed42_P","sx_norm_t10","24","10","42","P","variance search; trial-depth comparison","0","0.5415158790668342","Models/S24_T10_seed42_P_LGBM.txt","Models/S24_T10_seed42_P_LGBM.meta.json","Models/sx_norm_t10_LGBM_sheet1_P_Power_best.txt","Models/sx_norm_t10_LGBM_sheet1_P_Power_best.meta.json","ab41cc6f2751e7b5b221e70f10abd5bd5a93623ee8895030e26c143d77be9ed5","2ab8ef013bee93914b332945c1b476d1b96099fb0e22410b14502740adc05c95",
"S24_T10_seed42_Q","sx_norm_t10","24","10","42","Q","variance search; trial-depth comparison","0","0.5415158790668342","Models/S24_T10_seed42_Q_LGBM.txt","Models/S24_T10_seed42_Q_LGBM.meta.json","Models/sx_norm_t10_LGBM_sheet1_Q_Power_best.txt","Models/sx_norm_t10_LGBM_sheet1_Q_Power_best.meta.json","0952abd5d58465b49b5ce689c23e79be260e49a3c1edf5374effd4a7559042b2","ad70ead1e99473b5fbc90fb7f3876753bc86f86293d0b02b6eae3b7bfe45a21a",
"S24_T10_seed73_P","sx_norm_s73_t10","24","10","73","P","variance search; sampler-seed replication","4","0.5068901706000276","Models/S24_T10_seed73_P_LGBM.txt","Models/S24_T10_seed73_P_LGBM.meta.json","Models/sx_norm_s73_t10_LGBM_sheet1_P_Power_best.txt","Models/sx_norm_s73_t10_LGBM_sheet1_P_Power_best.meta.json","1d34964d8e6731b5dd8032597be70972527b7702bde7167ec94cca1a6d30c963","c0760ddb6f6b1c0bc393f8b4b855d9097df40504238badf063e6648ab22f70d0",
"S24_T10_seed73_Q","sx_norm_s73_t10","24","10","73","Q","variance search; sampler-seed replication","4","0.5068901706000276","Models/S24_T10_seed73_Q_LGBM.txt","Models/S24_T10_seed73_Q_LGBM.meta.json","Models/sx_norm_s73_t10_LGBM_sheet1_Q_Power_best.txt","Models/sx_norm_s73_t10_LGBM_sheet1_Q_Power_best.meta.json","1bb90ab01ed636ff8d08ca49e9d842ec417c5d28b5e875959b317651dea75ba7","b37c3bba3cbbde6652b8d94a0e3b7198da9a9e0864d12b76daa37c1b8adae5ec",
"S24_T30_seed17_P","sx_norm_s17_t30","24","30","17","P","variance search; sampler-seed replication","27","0.5159508127830384","Models/S24_T30_seed17_P_LGBM.txt","Models/S24_T30_seed17_P_LGBM.meta.json","Models/sx_norm_s17_t30_LGBM_sheet1_P_Power_best.txt","Models/sx_norm_s17_t30_LGBM_sheet1_P_Power_best.meta.json","669f7d3b4cdf5110f4fdee6a0a2b1026ff2e5a94d67416a107d5896a1f29d7cd","8789b3d625236924d7d74aec1a47f17aa8c98ce193272ff01442663e0212e57c",
"S24_T30_seed17_Q","sx_norm_s17_t30","24","30","17","Q","variance search; sampler-seed replication","27","0.5159508127830384","Models/S24_T30_seed17_Q_LGBM.txt","Models/S24_T30_seed17_Q_LGBM.meta.json","Models/sx_norm_s17_t30_LGBM_sheet1_Q_Power_best.txt","Models/sx_norm_s17_t30_LGBM_sheet1_Q_Power_best.meta.json","0a0c6b8f3baf6fbee77671b217c27df18b9ac56979a4c39389338e3d9e578088","2c3cbc2dced53c0baf00137554a68d2b419cae025d158325c2eacc03cfa391d3",
"S24_T30_seed42_P","sx_norm_t30","24","30","42","P","variance search; trial-depth comparison","12","0.5313886675373345","Models/S24_T30_seed42_P_LGBM.txt","Models/S24_T30_seed42_P_LGBM.meta.json","Models/sx_norm_t30_LGBM_sheet1_P_Power_best.txt","Models/sx_norm_t30_LGBM_sheet1_P_Power_best.meta.json","4740cf2fc23f72592e156085a27e2549ec9674d6e96383e012b76d0239acfc2b","a40354c842fadbc63a97ec6c5ea8d9f8f899095a9826cd636357c099fee0aad0",
"S24_T30_seed42_Q","sx_norm_t30","24","30","42","Q","variance search; trial-depth comparison","12","0.5313886675373345","Models/S24_T30_seed42_Q_LGBM.txt","Models/S24_T30_seed42_Q_LGBM.meta.json","Models/sx_norm_t30_LGBM_sheet1_Q_Power_best.txt","Models/sx_norm_t30_LGBM_sheet1_Q_Power_best.meta.json","a84d8d9bcd0dd23af77ce2a290cd61ff8f764ea53a2af9c3f9e29e4782683eaf","78e44aca028dc5d6a18eefa88c223f82f3cf1ea37f0bf8340de76e4c8a86a138",
"S24_T30_seed73_P","sx_norm_s73_t30","24","30","73","P","variance search; sampler-seed replication","4","0.5068901706000276","Models/S24_T30_seed73_P_LGBM.txt","Models/S24_T30_seed73_P_LGBM.meta.json","Models/sx_norm_s73_t30_LGBM_sheet1_P_Power_best.txt","Models/sx_norm_s73_t30_LGBM_sheet1_P_Power_best.meta.json","1d34964d8e6731b5dd8032597be70972527b7702bde7167ec94cca1a6d30c963","eef133ef713d04cc4a9f2c45384d4fe752537272aba3628db0dedab3ecd92f93","S24_T10_seed73_P"
"S24_T30_seed73_Q","sx_norm_s73_t30","24","30","73","Q","variance search; sampler-seed replication","4","0.5068901706000276","Models/S24_T30_seed73_Q_LGBM.txt","Models/S24_T30_seed73_Q_LGBM.meta.json","Models/sx_norm_s73_t30_LGBM_sheet1_Q_Power_best.txt","Models/sx_norm_s73_t30_LGBM_sheet1_Q_Power_best.meta.json","1bb90ab01ed636ff8d08ca49e9d842ec417c5d28b5e875959b317651dea75ba7","3565520880392be12b070f465b5a810105a5d70d73213804a506f6a9d370f27c","S24_T10_seed73_Q"
"S24_T60_seed17_P","sx_norm_s17_t60","24","60","17","P","variance search; split-count comparison; sampler-seed replication","47","0.505924088277251","Models/S24_T60_seed17_P_LGBM.txt","Models/S24_T60_seed17_P_LGBM.meta.json","Models/sx_norm_s17_t60_LGBM_sheet1_P_Power_best.txt","Models/sx_norm_s17_t60_LGBM_sheet1_P_Power_best.meta.json","f601d03b5bfd87f45f0b6cba478aa95fdda02b04bc37fd82e20613671be43468","2ace8216d243dfe50046c1595c304aa7d3ed6eaf7f01aa601ef291b710800283",
"S24_T60_seed17_Q","sx_norm_s17_t60","24","60","17","Q","variance search; split-count comparison; sampler-seed replication","47","0.505924088277251","Models/S24_T60_seed17_Q_LGBM.txt","Models/S24_T60_seed17_Q_LGBM.meta.json","Models/sx_norm_s17_t60_LGBM_sheet1_Q_Power_best.txt","Models/sx_norm_s17_t60_LGBM_sheet1_Q_Power_best.meta.json","8d38cd7fe39068f96d4dc35778fa436eafeed733616e6efc828dceed02e0b8ad","dd95581cda13032eb4981cf49b2f0d8d3fa040ff49b6cdce421a0ef28159e27c",
"S24_T60_seed42_P","sx_norm_t60","24","60","42","P","variance search; trial-depth comparison; split-count comparison","58","0.5018987448764175","Models/S24_T60_seed42_P_LGBM.txt","Models/S24_T60_seed42_P_LGBM.meta.json","Models/sx_norm_t60_LGBM_sheet1_P_Power_best.txt","Models/sx_norm_t60_LGBM_sheet1_P_Power_best.meta.json","546b3fdbbcd9b92637dd0508d29efcf43dda21c2ec1c2710709adf862f9fef05","999adc6984165fb134c0f7ef9da275f7844c935490eafa463f4f4da792f7cd2b",
"S24_T60_seed42_Q","sx_norm_t60","24","60","42","Q","variance search; trial-depth comparison; split-count comparison","58","0.5018987448764175","Models/S24_T60_seed42_Q_LGBM.txt","Models/S24_T60_seed42_Q_LGBM.meta.json","Models/sx_norm_t60_LGBM_sheet1_Q_Power_best.txt","Models/sx_norm_t60_LGBM_sheet1_Q_Power_best.meta.json","07905f525af93aaaa78c84303d9af874697f306d2088e6083e497247e5ff3334","823ff7b4f2eaceb46133161c9a30de4c8a3b394de04f1509b0aea62555f64f03",
"S24_T60_seed73_P","sx_norm_s73_t60","24","60","73","P","variance search; split-count comparison; sampler-seed replication","4","0.5068901706000276","Models/S24_T60_seed73_P_LGBM.txt","Models/S24_T60_seed73_P_LGBM.meta.json","Models/sx_norm_s73_t60_LGBM_sheet1_P_Power_best.txt","Models/sx_norm_s73_t60_LGBM_sheet1_P_Power_best.meta.json","1d34964d8e6731b5dd8032597be70972527b7702bde7167ec94cca1a6d30c963","a74913daeb3a1af5a45d5babab6da2d5b18f0bffc6ad01b8c7d9d60351b5df2d","S24_T10_seed73_P"
"S24_T60_seed73_Q","sx_norm_s73_t60","24","60","73","Q","variance search; split-count comparison; sampler-seed replication","4","0.5068901706000276","Models/S24_T60_seed73_Q_LGBM.txt","Models/S24_T60_seed73_Q_LGBM.meta.json","Models/sx_norm_s73_t60_LGBM_sheet1_Q_Power_best.txt","Models/sx_norm_s73_t60_LGBM_sheet1_Q_Power_best.meta.json","1bb90ab01ed636ff8d08ca49e9d842ec417c5d28b5e875959b317651dea75ba7","cf8c9d8779abf69e1b6c9c90c2a3409dd29676545aab284579a6911d04649189","S24_T10_seed73_Q"
"S36_T60_seed17_P","sx_norm_s36_s17_t60","36","60","17","P","variance search; split-count comparison; sampler-seed replication","45","0.5022640969767649","Models/S36_T60_seed17_P_LGBM.txt","Models/S36_T60_seed17_P_LGBM.meta.json","Models/sx_norm_s36_s17_t60_LGBM_sheet1_P_Power_best.txt","Models/sx_norm_s36_s17_t60_LGBM_sheet1_P_Power_best.meta.json","550248b2fc71caaa3b2aebbd0c6eac21c27acc097f6857eaf84a38f517bbea33","e462db2831eab4a9f153a8f6b991d5b195cf529ae7f9ceb3487ee393fa044b35",
"S36_T60_seed17_Q","sx_norm_s36_s17_t60","36","60","17","Q","variance search; split-count comparison; sampler-seed replication","45","0.5022640969767649","Models/S36_T60_seed17_Q_LGBM.txt","Models/S36_T60_seed17_Q_LGBM.meta.json","Models/sx_norm_s36_s17_t60_LGBM_sheet1_Q_Power_best.txt","Models/sx_norm_s36_s17_t60_LGBM_sheet1_Q_Power_best.meta.json","3ec11762877f98689ac8ae624c642b1a7ade58117d56827e96a35687f383e281","3ad1ee19ddb8963d97f8246f759460a67452b789ed8757b2c3be0837c2bf46be",
"S36_T60_seed42_P","sx_norm_s36_t60","36","60","42","P","variance search; split-count comparison","43","0.5067798606901865","Models/S36_T60_seed42_P_LGBM.txt","Models/S36_T60_seed42_P_LGBM.meta.json","Models/sx_norm_s36_t60_LGBM_sheet1_P_Power_best.txt","Models/sx_norm_s36_t60_LGBM_sheet1_P_Power_best.meta.json","a2499c343e81bf164fb7fcc8aa54bc3ec2ae89b5470a22144e64ba570e2332e4","114c6ddba98919d653a768a3801ace7c79c67db98cb0bca83a235ff0ddce7258",
"S36_T60_seed42_Q","sx_norm_s36_t60","36","60","42","Q","variance search; split-count comparison","43","0.5067798606901865","Models/S36_T60_seed42_Q_LGBM.txt","Models/S36_T60_seed42_Q_LGBM.meta.json","Models/sx_norm_s36_t60_LGBM_sheet1_Q_Power_best.txt","Models/sx_norm_s36_t60_LGBM_sheet1_Q_Power_best.meta.json","796fa422fdccae2367ab636b273140ab80b018f9919c981741c26a26fb850232","d5cfda922a97fe18fcf1543327259478703f60f195df03542ce2512f1a1b746b",
"S36_T60_seed73_P","sx_norm_s36_s73_t60","36","60","73","P","variance search; split-count comparison; sampler-seed replication","3","0.5029332068040988","Models/S36_T60_seed73_P_LGBM.txt","Models/S36_T60_seed73_P_LGBM.meta.json","Models/sx_norm_s36_s73_t60_LGBM_sheet1_P_Power_best.txt","Models/sx_norm_s36_s73_t60_LGBM_sheet1_P_Power_best.meta.json","1d34964d8e6731b5dd8032597be70972527b7702bde7167ec94cca1a6d30c963","0286fd5c8800461dd6ffd8ee15244735aea91df1ee75fad1a936d4898a8f2113","S24_T10_seed73_P"
"S36_T60_seed73_Q","sx_norm_s36_s73_t60","36","60","73","Q","variance search; split-count comparison; sampler-seed replication","3","0.5029332068040988","Models/S36_T60_seed73_Q_LGBM.txt","Models/S36_T60_seed73_Q_LGBM.meta.json","Models/sx_norm_s36_s73_t60_LGBM_sheet1_Q_Power_best.txt","Models/sx_norm_s36_s73_t60_LGBM_sheet1_Q_Power_best.meta.json","1bb90ab01ed636ff8d08ca49e9d842ec417c5d28b5e875959b317651dea75ba7","fb84219789f1293303de5b95f173ad99d38b75bc490cb12258c5b78abf7a10eb","S24_T10_seed73_Q"
"S48_T60_seed17_P","sx_norm_s48_s17_t60","48","60","17","P","variance search; split-count comparison; sampler-seed replication","59","0.49417286027788354","Models/S48_T60_seed17_P_LGBM.txt","Models/S48_T60_seed17_P_LGBM.meta.json","Models/sx_norm_s48_s17_t60_LGBM_sheet1_P_Power_best.txt","Models/sx_norm_s48_s17_t60_LGBM_sheet1_P_Power_best.meta.json","1a96e0a52e202ab05edfa1888effbf3c67ab4b07108494608dcbdf63bbebd98e","ccd1b955e516ea0843e821c30e509a483721525c51e7a9e54154fb6f6f3ab4a0",
"S48_T60_seed17_Q","sx_norm_s48_s17_t60","48","60","17","Q","variance search; split-count comparison; sampler-seed replication","59","0.49417286027788354","Models/S48_T60_seed17_Q_LGBM.txt","Models/S48_T60_seed17_Q_LGBM.meta.json","Models/sx_norm_s48_s17_t60_LGBM_sheet1_Q_Power_best.txt","Models/sx_norm_s48_s17_t60_LGBM_sheet1_Q_Power_best.meta.json","f7dba20cc89bc2e1241b83398e042f0c89eeb4e87f1b354535eb8bdcee01e407","39a0226e32d1dbf47a85044680c58dbec7ff01dfd5e81447855d6ba1c8845616",
"S48_T60_seed42_P","sx_norm_s48_t60","48","60","42","P","variance search; split-count comparison","51","0.49924980209510095","Models/S48_T60_seed42_P_LGBM.txt","Models/S48_T60_seed42_P_LGBM.meta.json","Models/sx_norm_s48_t60_LGBM_sheet1_P_Power_best.txt","Models/sx_norm_s48_t60_LGBM_sheet1_P_Power_best.meta.json","6f4f857e9dc818768149e8e87b90b030fa0ae99a7fb118722598d5def45f738f","a948a6d9b7ff2ca0f3eb4b717e479df924635ef8290d941df4cbf89fbdbb0277",
"S48_T60_seed42_Q","sx_norm_s48_t60","48","60","42","Q","variance search; split-count comparison","51","0.49924980209510095","Models/S48_T60_seed42_Q_LGBM.txt","Models/S48_T60_seed42_Q_LGBM.meta.json","Models/sx_norm_s48_t60_LGBM_sheet1_Q_Power_best.txt","Models/sx_norm_s48_t60_LGBM_sheet1_Q_Power_best.meta.json","a2d0d6182a3b73e2549a236c0b78c123c55cb69c6fb46b1032c8bc26697e8a12","a6686c6e73d7acb44b0753d60828d3c5d35e3c12b18f1bb6d3ee3af07f55a74f",
"S48_T60_seed73_P","sx_norm_s48_s73_t60","48","60","73","P","variance search; split-count comparison; sampler-seed replication","42","0.4962023419400496","Models/S48_T60_seed73_P_LGBM.txt","Models/S48_T60_seed73_P_LGBM.meta.json","Models/sx_norm_s48_s73_t60_LGBM_sheet1_P_Power_best.txt","Models/sx_norm_s48_s73_t60_LGBM_sheet1_P_Power_best.meta.json","a695e926f205e9ec40fd202e39ccb5825253e1facaa68f85ac33105de0032cd5","d61f1b1badd0976e01f89ffafb6ba58b203e31e1a1da055223a58f686be4c367",
"S48_T60_seed73_Q","sx_norm_s48_s73_t60","48","60","73","Q","variance search; split-count comparison; sampler-seed replication","42","0.4962023419400496","Models/S48_T60_seed73_Q_LGBM.txt","Models/S48_T60_seed73_Q_LGBM.meta.json","Models/sx_norm_s48_s73_t60_LGBM_sheet1_Q_Power_best.txt","Models/sx_norm_s48_s73_t60_LGBM_sheet1_Q_Power_best.meta.json","ae565cb1a0040bad9cdbe06537b6e675084b84a8bcdd8ba9670ab26f87b62151","a854b588e65dd3b9c8e3bdc24f704829a0945cf149fb8541434b8c879c95d496",
